序号,UT,题名,判定,理由/标签,判定阶段
1,WOS:001708113800003,Enhancing reliability of integrated electricity-water systems with data centers via decentralized robust planning considering decision-dependent uncertainties,A,耦合系统规划优化(IEWS+数据中心),题目+关键词
2,WOS:001560302400011,Assessing Power and Water Network Resilience When Water Pumps Provide Frequency Regulation,A,韧性评估(水泵提供调频),题目+关键词
3,WOS:000871076600012,Resilience Analytics for Interdependent Power and Water Distribution Systems,A,韧性评估(配网-配水网相互依赖),题目+关键词
4,WOS:001442336600001,Reliability Evaluation of Integrated Electricity-Water System Based on Multi-State Models of Equipment in Water System,A,可靠性评估(IEWS多状态模型),题目+关键词
5,WOS:001040238700001,A socio-technical approach for the assessment of critical infrastructure system vulnerability in extreme weather events,A,[B终筛升A]波多黎各飓风后电力-供水基础设施依赖与社会技术脆弱性干预评估,摘要复核(B类终筛)
6,WOS:001078344600001,Joint Cascade Vulnerability Assessment of Interdependent Power-Water Infrastructures,A,级联失效机理(电力-供水基础设施),题目+关键词
7,WOS:000755788700001,Integrated Water-Power System Resilience Analysis in a Southeastern Idaho Irrigation District: Minidoka Case Study,X,[B终筛剔除:非城市供水(灌溉/农村/离网提水)],摘要复核(B类终筛)
8,WOS:000957255400001,Risk-averse restoration of coupled power and water systems with small pumped-hydro storage and stochastic rooftop renewables,A,耦合系统恢复优化(风险规避),题目+关键词
9,WOS:000743261300010,"Integrated water-power system resiliency quantification, challenge and opportunity",X,[B终筛剔除:非城市供水(灌溉/农村/离网提水)],摘要复核(B类终筛)
10,WOS:000899805800233,An Optimal Method for Locating and Sizing Distributed Generations Considering Critical Infrastructures Interconnection for Urban Distribution Network Restoration,A,配网恢复+水-电耦合DG选址,题目+关键词
11,WOS:001650790300011,Real-Time Service Restoration of Coupled Power-Water Systems Considering the Spatio-Temporal Cascading Failure,A,级联失效+实时恢复(耦合电力-水系统),题目+关键词
12,WOS:000380430700008,Water Microgrids: The Future of Water Infrastructure Resilience,X,"[B终筛剔除:单一系统(纯供水/纯电网)韧性,无水电耦合]",摘要复核(B类终筛)
13,WOS:000593965500006,Electricity-water usage for sustainable development: An analysis of United Arab Emirates farms,X,无关(农场水电资源使用回归分析),题目+关键词
14,WOS:000459143700012,Interdependent Critical Infrastructure Model (ICIM): An agent-based model of power and water infrastructure,A,电力-供水相互依赖建模(ABM),题目+关键词
15,WOS:000663910000028,Robustness assessment of Hetero-functional graph theory based model of interdependent urban utility networks,A,[B终筛升A]城市多公用网络(电/水/热/气/交通)互依HFGT建模与鲁棒性评估,摘要复核(B类终筛)
16,WOS:000863680700180,Identification of Critical Nodes and Edges in a Network Based on Clustering,X,通用网络理论(关键节点识别),题目+关键词
17,WOS:000761208300011,Resilience of Cyber-Enabled Electrical Energy and Water Distribution Systems Considering Infrastructural Robustness Under Conditions of Limited Water and/or Energy Availability,A,"韧性评估(电力+配水网,受限水/能)",题目+关键词
18,WOS:001137647800001,A Generalized Accelerated Failure Time Model to Predict Restoration Time from Power Outages,X,纯电力(停电恢复时间预测),题目+关键词
19,WOS:000856623900007,The water energy nexus: Improved emergency grid restoration with DERs,A,电网恢复+水-能网络互依,题目+关键词
20,WOS:001128141100001,Post-disaster restoration planning of interdependent infrastructure Systems: A framework to balance social and economic impacts,X,"[B终筛剔除:通用生命线/相依基础设施方法或调查,无市政供水-城市电力实质耦合建模]",摘要复核(B类终筛)
21,WOS:000324641300017,Hydropower Energy Recovery (HyPER) from Water-flow Systems in Vietnam,X,[B终筛剔除:供水系统内水力发电/能量回收/抽蓄设备(口径外)],摘要复核(B类终筛)
22,WOS:000508186400024,Resilience Assessment of Interdependent Infrastructure Systems: A Case Study Based on Different Response Strategies,A,[B终筛升A]道路-供水-电网-信息多层网络级联失效与恢复韧性评估,摘要复核(B类终筛)
23,WOS:000250637000005,Serviceability of earthquake-damaged water systems: Effects of electrical power availability and power backup systems on system vulnerability,A,电力可用性对震损供水系统影响,题目+关键词
24,WOS:001764771000008,Analysis of Generation of Green Energy in Water Supply System Within High-Rise Building-A Sustainable Approach,X,[B终筛剔除:供水系统内水力发电/能量回收/抽蓄设备(口径外)],摘要复核(B类终筛)
25,WOS:001740781200001,Vulnerability analysis of water systems to power interruptions in critical infrastructures,A,级联失效脆弱性(水系统对停电),题目+关键词
26,WOS:000848207000001,Day-Ahead Scheduling of Integrated Power and Water System Considering a Refined Model of Power-to-Gas,A,日前联合调度(综合电力-水系统+P2G),题目+关键词
27,WOS:001444664100001,Enhancing Resilience of Intermittent Water Supply Systems to Power Outages,A,韧性提升(间歇供水应对停电),题目+关键词
28,WOS:001864815800001,Quantifying the dependent failure of urban power-water supply systems under earthquake hazards from the perspective of energy transfer,A,"相依失效量化(城市电力-供水,地震)",题目+关键词
29,WOS:000632961600028,A decomposition approach for solving tri-level defender-attacker-defender problems,X,"[B终筛剔除:通用生命线/相依基础设施方法或调查,无市政供水-城市电力实质耦合建模]",摘要复核(B类终筛)
30,WOS:000499733200049,An efficient interactive framework for improving resilience of power-water distribution systems with multiple privately-owned microgrids,A,韧性提升(电力-配水系统+微网),题目+关键词
31,WOS:000241524100012,Thermoeconomic analysis of a power/water cogeneration plant,X,过程级(热电联产厂热经济分析),题目+关键词
32,WOS:001479464500001,Multi-timescale risk-averse restoration for interdependent water-power networks with joint reconfiguration and diverse uncertainties,A,耦合网络恢复(多时间尺度风险规避),题目+关键词
33,WOS:000337646000073,The Impact of Water Use Fees on Dispatching and Water Requirements for Water-Cooled Power Plants in Texas,X,nexus资源侧(电厂冷却水费与调度),题目+关键词
34,WOS:000410255800052,Freshwater Vulnerability beyond Local Water Stress: Heterogeneous Effects of Water-Electricity Nexus Across the Continental United States,X,nexus资源侧(淡水脆弱性),题目+关键词
35,WOS:000663909200006,Dependent infrastructure system modeling: A case study of the St. Kitts power and water distribution systems,A,相依基础设施建模(电力+配水),题目+关键词
36,WOS:001728077700001,Collaborative decision making for natural disaster recovery of interdependent infrastructure systems,X,"[B终筛剔除:通用生命线/相依基础设施方法或调查,无市政供水-城市电力实质耦合建模]",摘要复核(B类终筛)
37,WOS:000459949900002,Resilience-driven restoration model for interdependent infrastructure networks,A,互依电力-水网络韧性驱动恢复模型,摘要
38,WOS:000833559100016,Project schedule compression for the efficient restoration of interdependent infrastructure systems,A,水-电-气互依网络恢复工期压缩(Shelby),摘要
39,WOS:001257800700001,A long-term generation and transmission expansion planning model considering desalination flexibility and coordination: A Chilean case study,X,[B终筛剔除:淡化水/离网独立水电联产系统(口径外)],摘要复核(B类终筛)
40,WOS:001813850000001,Vulnerability analyses of power-water interdependent infrastructure networks by using load-functional dependency coupled cascading failure model,A,级联失效模型(电力-水互依网络),题目+关键词
41,WOS:001830127300001,Robust learning-enabled voltage control for water-electricity systems under incomplete topology and parameter information,A,耦合系统电压控制(水-电系统),题目+关键词
42,WOS:000437396900015,Assessment of the impact of interdependencies on the resilience of networked critical infrastructure systems,X,"[B终筛剔除:通用生命线/相依基础设施方法或调查,无市政供水-城市电力实质耦合建模]",摘要复核(B类终筛)
43,WOS:000599754500120,An integrated state-estimation framework for interdependent water and energy systems,A,耦合系统状态估计(水-能),题目+关键词
44,WOS:000368928000016,Post-disaster infrastructure restoration: A comparison of events for future planning,X,"[B终筛剔除:通用生命线/相依基础设施方法或调查,无市政供水-城市电力实质耦合建模]",摘要复核(B类终筛)
45,WOS:000608424400003,Evaluating the societal impact of disaster-driven infrastructure disruptions: A water analysis perspective,X,"供水中断社会影响(大阪,无电力耦合)",摘要
46,WOS:000709090100023,Resilience-Motivated Distribution System Restoration Considering Electricity-Water-Gas Interdependency,A,"配网恢复(电-水-气互依,含供水系统)",题目+关键词
47,WOS:000623667400001,Leveraging the water-energy nexus to derive benefits for the electric grid through demand-side management in the water supply and wastewater sectors,A,需求侧灵活性(供水+污水部门支持电网),题目+关键词
48,WOS:000443663100027,Downtime estimation and analysis of lifelines after an earthquake,X,"[B终筛剔除:通用生命线/相依基础设施方法或调查,无市政供水-城市电力实质耦合建模]",摘要复核(B类终筛)
49,WOS:001510091200002,Dynamic inoperability input-output modeling of a system of systems made of multi-state interdependent critical infrastructures,A,相依基础设施建模(电网+水网DIIM),题目+关键词
50,WOS:000459697700046,Facility Location for Recovering Systems of Interdependent Networks,A,互依网络恢复设施选址(电-水行为),摘要
51,WOS:000519531800003,Attacks on smart grid: power supply interruption and malicious power generation,X,纯电力(智能电网攻击),题目+关键词
52,WOS:000361460000021,A numerical model for evaluation power outages impact on water infrastructure services sustainability,A,停电对供水服务影响建模,题目+关键词
53,WOS:001131509200001,Modeling the Water Systems of the Western US to Support Climate-Resilient Electricity System Planning,X,"[B终筛剔除:nexus资源侧(水电调度/电厂冷却水/区域水资源),非市政供水网]",摘要复核(B类终筛)
54,WOS:000240664900009,Performance analysis of combined humidified gas turbine power generation and multi-effect thermal vapor compression desalination systems - Part 1: The desalination unit and its combination with a steam-injected gas turbine power system,X,过程级(燃气轮机+MED海水淡化),题目+关键词
55,WOS:000447870600001,Automatic classification of insulator by combining k-nearest neighbor algorithm with multi-type feature for the Internet of Things,X,无关(绝缘子图像识别),题目+关键词
56,WOS:000309243700060,Smart metering and systems to support a conscious use of water and electricity,X,用户侧计量(水/电智能计量),题目+关键词
57,WOS:000526418000010,Seasonal Risk Assessment of Water-Electricity Nexus Systems under Water Consumption Policy Constraint,X,"[B终筛剔除:nexus资源侧(水电调度/电厂冷却水/区域水资源),非市政供水网]",摘要复核(B类终筛)
58,WOS:000606675400010,Post-disaster recovery in industrial sectors: A Markov process analysis of multiple lifeline disruptions,X,"[B终筛剔除:通用生命线/相依基础设施方法或调查,无市政供水-城市电力实质耦合建模]",摘要复核(B类终筛)
59,WOS:000566353500034,Restoring Community Structures in Interdependent Infrastructure Networks,X,"[B终筛剔除:通用生命线/相依基础设施方法或调查,无市政供水-城市电力实质耦合建模]",摘要复核(B类终筛)
60,WOS:000806945200001,Optimal Operation of Combined Energy and Water Systems for Community Resilience against Natural Disasters,X,[B终筛剔除:社区/海岛/校园/建筑级微型水电系统(非城市电力系统)],摘要复核(B类终筛)
61,WOS:001582861400008,A two-stage risk mitigation-aware energy scheduling for integrated water-power system with hybrid energy convertors,A,综合水-电系统调度(风险规避),题目+关键词
62,WOS:000268750701185,CONCEPTION AND DESIGN OF A MICRO-HYDRO IN A WATER SUPPLY SYSTEM,X,[B终筛剔除:供水系统内水力发电/能量回收/抽蓄设备(口径外)],摘要复核(B类终筛)
63,WOS:000398591200008,Robust Planning Decision Model for an Integrated Water System,X,纯水系统(综合水系统鲁棒规划),题目+关键词
64,WOS:001595481800001,Photothermal Heat-Storage Nanostructure-Assisted Water-Electricity Cogeneration System with Dual Solar Energy Inputs and High-Efficiency Heat Utilization,X,材料级(光热纳米结构水电联产),题目+关键词
65,WOS:000634988100004,Unveiling the dynamic of water-electricity conflict within and beyond megacity boundary,X,nexus资源侧(大城市水-电冲突足迹),题目+关键词
66,WOS:000891282800001,A nexus approach to infrastructure resilience planning under uncertainty,A,nexus韧性规划(基础设施加固+随机优化),题目+关键词
67,WOS:000284221500001,Simulation of post-earthquake water supply system restoration,X,"[B终筛剔除:单一系统(纯供水/纯电网)韧性,无水电耦合]",摘要复核(B类终筛)
68,WOS:001586153600036,An integrated renewable energy and machine learning framework for techno economic analysis of water and energy nexus management in arid climates,X,"[B终筛剔除:nexus资源侧(水电调度/电厂冷却水/区域水资源),非市政供水网]",摘要复核(B类终筛)
69,WOS:000569206800001,DIN II: incorporation of multi-level interdependencies and uncertainties for infrastructure system recovery modeling,X,"[B终筛剔除:通用生命线/相依基础设施方法或调查,无市政供水-城市电力实质耦合建模]",摘要复核(B类终筛)
70,WOS:001512467500001,Deep reinforcement learning-based optimization of an island energy-water microgrid system,X,[B终筛剔除:社区/海岛/校园/建筑级微型水电系统(非城市电力系统)],摘要复核(B类终筛)
71,WOS:001562630300023,A new method for assessing resilience and predicting outages in power grids,X,"[B终筛剔除:单一系统(纯供水/纯电网)韧性,无水电耦合]",摘要复核(B类终筛)
72,WOS:001119270400029,Testing of DuPontTM B-Free™ technology in Arabic Gulf water at Sharjah Electricity & Water Authority (SEWA) Hamriyah Desalination Plant,X,海水淡化膜生物污染测试,题目+关键词
73,WOS:000253369900001,Minimizing network risk with application to critical infrastructure protection,X,"[B终筛剔除:通用生命线/相依基础设施方法或调查,无市政供水-城市电力实质耦合建模]",摘要复核(B类终筛)
74,WOS:000335273100006,Real-time economic dispatch for the supply side of the energy-water nexus,A,耦合经济调度(能源-水nexus供应侧),题目+关键词
75,WOS:001298344600001,Interdependent water and power infrastructure model (IWPIM): A modeling approach for water and energy resource management in rural communities,X,[B终筛剔除:非城市供水(灌溉/农村/离网提水)],摘要复核(B类终筛)
76,WOS:000180486800024,Dual-purpose desalination plants. Part II. Optimal configuration,X,过程级(双用途淡化厂配置),题目+关键词
77,WOS:000467725300106,Establishing Data Integrity in Networks of Cyber-Physical Systems,X,CPS数据完整性,题目+关键词
78,WOS:000583560800018,Optimal Coordinated Operation of Interdependent Power and Water Distribution Systems,A,协调运行优化(电力+配水系统),题目+关键词
79,WOS:000397213100035,"Intentional EMI against Critical Infrastructures, a Discussion on Mitigation Philosophy",X,EMI防护讨论,题目+关键词
80,WOS:000481518300001,Resilience of Water Distribution Systems during Real-Time Operations under Limited Water and/or Energy Availability Conditions,A,配水网实时运行韧性(水/能受限),题目+关键词
81,WOS:000822564900001,InfraRisk: An open-source simulation platform for resilience analysis in interconnected power-water-transport networks,A,电-水-交通互联网络韧性仿真平台,题目+关键词
82,WOS:000083740700020,The Taweelah A2 independent water and power project,X,工程项目(IWPP电站),题目+关键词
83,WOS:000374279400012,"METHANOL FROM ELECTRICITY, WATER AND CARBON DIOXIDE: OPERATIONAL RESULTS",X,电-水-CO2制甲醇,题目+关键词
84,WOS:001863585000001,Uncertainty analysis and resilience enhancement for post-earthquake fire emergency response considering cascading effects of interdependent infrastructures,A,震后火灾级联(建筑群/交通/供水/电力),摘要
85,WOS:001648098800001,Limiting the rebound effects when utilising flexibility from heat pumps using an adaptive heat pump controller,X,热泵灵活性回弹效应,题目+关键词
86,WOS:001423279900052,Topological Models Underestimate the Impact of Hazards on Coupled Power and Water Distribution Systems,A,耦合电力-配水系统灾害建模,题目+关键词
87,WOS:000433169800053,Power distribution system improvement planning under hurricanes based on a new resilience index,A,配电网韧性规划(降低水网对电网依赖),摘要
88,WOS:000436515100118,Energy-Recovery Pressure-Reducer in District Heating System,X,区域供热管网余压发电(PAT),题目+关键词
89,WOS:001578824700001,Co-optimized recovery framework for damaged coupled power-water systems with temporal-spatial coordination and MT-SOPs,A,耦合系统协同恢复优化,题目+关键词
90,WOS:000865597700056,A convex-relaxation based method for optimal water-power flow,A,水-电联流优化(凸松弛),题目+关键词
91,WOS:000390843300011,The Economical Analysis of Energy Recovery From the Water Supply Main,X,[B终筛剔除:供水系统内水力发电/能量回收/抽蓄设备(口径外)],摘要复核(B类终筛)
92,WOS:000437016600038,Resilience Computations for Optimal Operation of Water Distribution Systems,A,配水网运行韧性计算(水-能nexus),题目+关键词
93,WOS:001547956600001,Thermohydraulic coupling in solar cells for fully passive on-demand water and electricity generation,X,器件级(太阳能电池热水利水-电联产),题目+关键词
94,WOS:001790717800001,Estimating whole-of-event consequences in interdependent infrastructure systems,A,"全事件后果评估(电/水/污水,海岸洪水)",摘要
95,WOS:000744011300015,Optimization of a 30 kW SOFC combined heat and power system with different cycles and hydrocarbon fuels,X,SOFC热电联供优化,题目+关键词
96,WOS:000391660200044,Feasibility of Applying Moving Target Defensive Techniques in a SCADA System,X,SCADA移动目标防御,题目+关键词
97,WOS:000720474900002,Risk-averse operation of energy-water nexus using information gap decision theory,A,"风险规避运行(水-电nexus,IGDT)",题目+关键词
98,WOS:000870067300005,Is the secondary consumption of renewable energy sustainable? Empirical evidence from the photovoltaic industry in China,X,光伏产业水足迹LCA,题目+关键词
99,WOS:000757873700001,Resilience Enhancement for Multistate Interdependent Infrastructure Networks: From a Preparedness Perspective,A,多状态互依网络韧性提升(电-水配网算例),摘要
100,WOS:000472691300014,Component importance measures for interdependent infrastructure network resilience,A,互依网络组件重要度(电-水网络算例),摘要
101,WOS:001446364600012,Toward Community-Centered Planning of Infrastructure Restorations by Integrating Community Demographics and Public Facilities,A,"互依电力-供水基础设施恢复规划(社区/公共设施视角,Shelby)[捞回]",摘要复核(多系统耦合捞回)
102,WOS:000507633100002,CLARC: An Artificial Community for Modeling the Effects of Extreme Hazard Events on Interdependent Civil and Social Infrastructure Systems,X,"[B终筛剔除:通用生命线/相依基础设施方法或调查,无市政供水-城市电力实质耦合建模]",摘要复核(B类终筛)
103,WOS:001178680500001,Research on collaborative scheduling of internet data center and regional integrated energy system based on electricity-heat-water coupling,A,多能源(电-热-水)协同调度+数据中心,题目+关键词
104,WOS:001568968200001,"Back to life after 50 years: effects of environmental flow restoration on macroinvertebrate biodiversity and river ecological status. A case study of the Valseco stream, Spain",X,河流生态修复,题目+关键词
105,WOS:001329719000001,"Optimal cost predictive BMS considering greywater recycling, responsive HVAC, and energy storage",X,[B终筛剔除:社区/海岛/校园/建筑级微型水电系统(非城市电力系统)],摘要复核(B类终筛)
106,WOS:000182688500001,Transmission line emergency restoration philosophy at Los Angeles Department of Water and Power,X,纯电力(LADWP输电线路应急恢复),题目+关键词
107,WOS:001459689900001,Hybrid algorithms for enhanced efficiency and scalability of network-based tri-level interdiction models,X,"[B终筛剔除:通用生命线/相依基础设施方法或调查,无市政供水-城市电力实质耦合建模]",摘要复核(B类终筛)
108,WOS:000392605000026,OPTIMAL DESIGN FOR WATER AND POWER CO-GENERATION IN REMOTE AREAS USING RENEWABLE ENERGY SOURCES AND INTELLIGENT AUTOMATION,X,[B终筛剔除:淡化水/离网独立水电联产系统(口径外)],摘要复核(B类终筛)
109,WOS:000814046200001,Vulnerability cloud: A novel approach to assess the vulnerability of critical infrastructure systems,X,"[B终筛剔除:通用生命线/相依基础设施方法或调查,无市政供水-城市电力实质耦合建模]",摘要复核(B类终筛)
110,WOS:001641490600001,Optimal resilience-based restoration plan for disrupted interdependent infrastructure networks under uncertainty,A,不确定性下互依网络恢复优化(电-水算例),摘要
111,WOS:000423728200063,Designing Decentralized Water and Electricity Supply System for Small Recreational Facilities in the South of Russia,X,[B终筛剔除:淡化水/离网独立水电联产系统(口径外)],摘要复核(B类终筛)
112,WOS:000291013100032,THERMODYNAMIC ANALYSIS OF A COMBINED POWER AND WATER PRODUCTION SYSTEM,X,过程级(电力+水生产系统热力学),题目+关键词
113,WOS:000403533100016,Development of a disaster action plan for hospitals in Malaysia pertaining to critical engineering infrastructure risk analysis,X,医院灾害预案,题目+关键词
114,WOS:001207484400001,Enhancing the electricity and desalinated water production from solar chimney power plants through integration with nuclear power plants: A case study in Jordan,X,过程级(太阳烟囱+核电淡化),题目+关键词
115,WOS:000259691100003,Optimal design of a cogeneration plant for power and desalination taking equipment reliability into consideration,X,过程级(淡化联产厂设计),题目+关键词
116,WOS:001631537900003,Synergistic thermodynamic analysis of integrated power-water cogeneration: Near-Isothermal compression for desalination and energy storage,X,过程级(近等温压缩淡化+储能),题目+关键词
117,WOS:000537476200189,"Assessing Resilience of Urban Critical Infrastructure Networks: A Case Study of Ahvaz, Iran",X,"[B终筛剔除:通用生命线/相依基础设施方法或调查,无市政供水-城市电力实质耦合建模]",摘要复核(B类终筛)
118,WOS:001523487600036,Coordinated Energy Scheduling in Interconnected Power-Water-Gas Networks Under Network Failures,A,电-水-气网络故障下协调调度,题目+关键词
119,WOS:000357105902049,Using spatial modelling to develop flood risk and climate adaptation capacity metrics for assessing urban community and critical electricity infrastructure vulnerability,X,洪水风险+电力基础设施脆弱性,题目+关键词
120,WOS:000611859300002,Development of optimal energy management for a residential fuel cell hybrid power system with heat recovery,X,住宅燃料电池CHP能量管理,题目+关键词
121,WOS:001067020900001,Building reliable budget-based binary-state networks,X,二态网络可靠性理论,题目+关键词
122,WOS:000707352500009,A review on various designs for performance improvement of passive solar stills for remote areas,X,被动式太阳能蒸馏器设计,题目+关键词
123,WOS:000909972200001,Nonlinear Integer Programming for Solving Preventive Maintenance Scheduling Problem for Cogeneration Plants with Production,X,联产电厂预防性维护调度,题目+关键词
124,WOS:000877594300009,A nuclear driven hybrid sCO2 power cycle/membrane distillation system for water-electricity cogeneration,X,过程级(核能sCO2+膜蒸馏水电联产),题目+关键词
125,WOS:000484531200005,Integrating Operational and Organizational Aspects in Interdependent Infrastructure Network Recovery,A,"水-电-气网络恢复(运行+组织集成,Shelby)",摘要
126,WOS:000244311700043,Outsourcing T&D infrastructure projects -: Burbank Water & Power,X,电力输配项目外包管理,题目+关键词
127,WOS:001492764600028,Lrban Power Grid Resilience Assessment Method Considering Urban Lifeline Function,A,[B终筛升A]考虑水/电/气生命线需求依赖的城市电网韧性评估方法,摘要复核(B类终筛)
128,WOS:001291043700003,Multi-period electricity distribution network investment planning under demand coincidence in the smart grid,X,纯电力(配网投资规划),题目+关键词
129,WOS:001830538200014,Dynamic electrostatic cladding-spun core-shell photothermal yarns for sustainable solar-driven water-electricity cogeneration,X,材料级(光热纱线水电联产),题目+关键词
130,WOS:000707150300015,A heuristic approach to an interdependent restoration planning and crew routing problem,A,"互依恢复规划+班组路径(电/水/气,Shelby)",摘要
131,WOS:001365144500007,Framework for Improving the Postdisaster Repair Sequence of Interdependent Critical Infrastructure Systems,X,"[B终筛剔除:通用生命线/相依基础设施方法或调查,无市政供水-城市电力实质耦合建模]",摘要复核(B类终筛)
132,WOS:A1994PP05300043,EXTENDING WATER-SUPPLIES IN WATER SHORT AREAS,X,纯供水工程(缺水地区扩容),题目+关键词
133,WOS:001250142702113,Metrics for Use in Quantifying Power System Resilience with Water-Energy Nexus Considerations: Mathematical Formulation and Case Study,A,电力系统韧性指标(含WDS/水-能nexus),题目+关键词
134,WOS:000168158900016,Fifteen years of R&D program in seawater desalination at KISR Part II. RO system performance,X,海水淡化RO研发,题目+关键词
135,WOS:000398241300003,Vulnerability analysis of interdependent spatially embedded infrastructure networks under localized attack,X,"[B终筛剔除:通用生命线/相依基础设施方法或调查,无市政供水-城市电力实质耦合建模]",摘要复核(B类终筛)
136,WOS:001664964400001,Integrated optimal operation of power and water systems under uncertainty: An adjustable robust optimization approach,A,耦合系统鲁棒运行优化(可调鲁棒),题目+关键词
137,WOS:000574867900010,Probabilistic Framework for Evaluating Community Resilience: Integration of Risk Models and Agent-Based Simulation,A,[B终筛升A]社区地震韧性概率框架:建筑-电力-供水-医疗互依级联,摘要复核(B类终筛)
138,WOS:000527842500043,Worst-case vulnerability assessment and mitigation model of urban utility tunnels,A,"综合管廊最坏情景脆弱性(承载电-水系统,天津)",摘要
139,WOS:000387521400002,"What does ""better"" mean? Perceptions of electricity and water services in Santo Domingo",X,居民对电/水服务感知调查,题目+关键词
140,WOS:000637132700001,Community vulnerability perspective on robust protection planning in interdependent infrastructure networks,A,"社区脆弱性视角鲁棒防护(电-气-水,Shelby)",摘要
141,WOS:000496603900047,"Application of household disruption data to delineate critical infrastructure resilience characteristics in the aftermath of disaster: A case study of Bhaktapur, Nepal",X,震后家庭中断数据实证(社会韧性),题目+关键词
142,WOS:001715193200001,Resilience performance analysis of interdependent infrastructures using Fault Tree and Dynamic Bayesian Network,X,"[B终筛剔除:通用生命线/相依基础设施方法或调查,无市政供水-城市电力实质耦合建模]",摘要复核(B类终筛)
143,WOS:001016382300022,Ecosystem guidance for the incorporation of renewable utilities in a multi-use campus network,X,[B终筛剔除:社区/海岛/校园/建筑级微型水电系统(非城市电力系统)],摘要复核(B类终筛)
144,WOS:001007481400001,Optimal hydraulic energy harvesting strategy for PaT installation in Water Distribution Networks,X,[B终筛剔除:供水系统内水力发电/能量回收/抽蓄设备(口径外)],摘要复核(B类终筛)
145,WOS:001699239900001,Stay-or-relocate model (STORM): An agent-based population displacement simulator applied to a multi-phase volcanic eruption scenario,X,火山灾害人口迁移模拟,题目+关键词
146,WOS:000677819700021,Opportunities for Robustness of Water Footprints in Electricity Generation,X,nexus资源侧(发电水足迹鲁棒性),题目+关键词
147,WOS:001753289700010,Renewable Energy and Self-sufficiency in High-Altitude Alpine Historic Farmstead: A Design Workflow for Optimizing Solar and Water Solutions,X,高山农舍太阳能-水方案设计,题目+关键词
148,WOS:000302423700031,Vulnerability analysis of interdependent infrastructure systems: A methodological framework,X,"[B终筛剔除:通用生命线/相依基础设施方法或调查,无市政供水-城市电力实质耦合建模]",摘要复核(B类终筛)
149,WOS:A1994NT58300028,MAINTENANCE PHILOSOPHY AND APPROACH FOR A DUAL-PURPOSE PLANT,X,双用途淡化电厂维护,题目+关键词
150,WOS:000710366400001,A biogas-steam combined cycle for sustainable development of industrial-scale water-power hybrid microgrids: design and optimal scheduling,X,[B终筛剔除:淡化水/离网独立水电联产系统(口径外)],摘要复核(B类终筛)
151,WOS:001587241200001,Forest restoration in tropical forests recovers topsoil water retention but does not improve deep soil layers,X,森林土壤水文,题目+关键词
152,WOS:001007134100001,Analyzing the tradeoff between vulnerability and recoverability investments for interdependent infrastructure networks,A,"脆弱性-可恢复性投资权衡(电-水网络,Shelby)",摘要
153,WOS:000390436000059,Energy Efficiency and Reliability Transformation at the IBM India Software Lab Data Center,X,数据中心能效改造,题目+关键词
154,WOS:000491352900212,Light-Weighted Security Access scheme of Broadband Power Line Communications for Multi-Source Information Collection,X,电力线载波通信安全,题目+关键词
155,WOS:000499482000005,A water-electricity nexus model to analyze thermoelectricity supply reliability under environmental regulations and economic penalties during drought events,X,"[B终筛剔除:nexus资源侧(水电调度/电厂冷却水/区域水资源),非市政供水网]",摘要复核(B类终筛)
156,WOS:000279126500003,Dynamic simulation of a solar-driven carbon dioxide transcritical power system for small scale combined heat and power production,X,太阳能CO2热电联供仿真,题目+关键词
157,WOS:000413936100054,Measuring and understanding the microeconomic resilience of businesses to lifeline service interruptions due to natural disasters,X,企业经济韧性(生命线中断),题目+关键词
158,WOS:001357847400001,An Ultra-Miniaturized Fiber Humidity Sensor Based on Near-Parallel Ion Pathways Induced Efficient Water-Electricity Conversion,X,传感器器件(湿度-水电转换),题目+关键词
159,WOS:000482715500026,Vulnerability Distribution Model of Critical Infrastructures Based on Topological System Simulation,X,"[B终筛剔除:通用生命线/相依基础设施方法或调查,无市政供水-城市电力实质耦合建模]",摘要复核(B类终筛)
160,WOS:000290621300001,Health-related quality of life of Palestinian preschoolers in the Gaza Strip: a cross-sectional study,X,公共卫生(加沙儿童健康),题目+关键词
161,WOS:001120969100001,Exploring Virtual Water Network Dynamics of China's Electricity Trade: Insights into the Energy-Water Nexus,X,虚拟水-电力贸易网络(nexus资源侧),题目+关键词
162,WOS:000371807900006,Modeling and simulation of the vulnerability of interdependent power-water infrastructure networks to cascading failures,A,级联失效建模(电力-水互依网络),题目+关键词
163,WOS:000437961000014,Modeling the damage and recovery of interdependent critical infrastructure systems from natural hazards,X,"[B终筛剔除:通用生命线/相依基础设施方法或调查,无市政供水-城市电力实质耦合建模]",摘要复核(B类终筛)
164,WOS:000360494600032,Design of power systems for reverse osmosis desalination in remote communities,X,[B终筛剔除:淡化水/离网独立水电联产系统(口径外)],摘要复核(B类终筛)
165,WOS:000423008500069,Water management and electricity output of a Hybrid Renewable Energy System (HRES) in Fournoi Island in Aegean Sea,X,[B终筛剔除:淡化水/离网独立水电联产系统(口径外)],摘要复核(B类终筛)
166,WOS:001033806800001,Predictive control of interlinked water-energy microgrids,X,[B终筛剔除:社区/海岛/校园/建筑级微型水电系统(非城市电力系统)],摘要复核(B类终筛)
167,WOS:000393036700009,An indicator tool for assessing local vulnerability to climate change in the Mexican agricultural sector,X,农业气候脆弱性指标,题目+关键词
168,WOS:000874206600001,Framework for Designing Virtual Water and Power Supply Networks with Interdependent Characteristics for Resilience Assessment,A,虚拟水-电供应网络互依韧性设计,题目+关键词
169,WOS:000534685400073,Guilan combined power plant in Iran: As case study for feasibility investigation of converting the combined power plant into water and power unit,X,过程级(电厂改造为水电联产可行性),题目+关键词
170,WOS:001729919500001,Improving Healthcare Resilience in Wars: Insights from Recent Conflicts,X,战时医疗韧性,题目+关键词
171,WOS:001171564800001,Improved modelling for ammonia-water power cycle coupled with turbine optimization design: A comparison study,X,氨-水动力循环(热力循环),题目+关键词
172,WOS:001115486700001,Contemporary climate analogs project strong regional differences in the future water and electricity demand across US cities,X,"[B终筛剔除:通用生命线/相依基础设施方法或调查,无市政供水-城市电力实质耦合建模]",摘要复核(B类终筛)
173,WOS:000387087500055,"An African Solution for Water and Electricity Supply, Using a Standalone Photovoltaic Based Quasi Z Source Inverter",X,独立光伏供电电力电子(水+电供应),题目+关键词
174,WOS:001259357200001,Decision support for prioritizing critical societal services in optimal post-disaster critical lifeline recovery,X,"[B终筛剔除:通用生命线/相依基础设施方法或调查,无市政供水-城市电力实质耦合建模]",摘要复核(B类终筛)
175,WOS:000867888700016,Postdisaster Recovery Planning for Interdependent Infrastructure Systems Prioritizing the Functionality of Healthcare Facilities,X,"[B终筛剔除:通用生命线/相依基础设施方法或调查,无市政供水-城市电力实质耦合建模]",摘要复核(B类终筛)
176,WOS:000522955500002,Heat recovery from sulfuric acid plants for seawater desalination using RO and MED systems,X,硫酸厂余热海水淡化,题目+关键词
177,WOS:001729795500001,Comprehensive performance evaluation of a photovoltaic-thermal driven energy storage and co-production of electricity and water system,X,器件级(PVT驱动电-水联产),题目+关键词
178,WOS:000266027001101,"Seismic assessment of utility systems: Application to water, electric power and transportation networks",X,"[B终筛剔除:通用生命线/相依基础设施方法或调查,无市政供水-城市电力实质耦合建模]",摘要复核(B类终筛)
179,WOS:001706031300001,A Bayesian Network-based system framework for seismic resilience assessment of nuclear power plants,X,核电站抗震韧性,题目+关键词
180,WOS:000328064100042,Network Capacity Assessment of Combined Heat and Power-Based Distributed Generation in Urban Energy Infrastructures,A,城市电力-配水系统互依:CHP-DG接入容量与选址综合调度(ACOPF+配水网)[捞回],摘要复核(多系统耦合捞回)
181,WOS:000371253100009,Derivation of water and power operating rules for multi-reservoirs,X,"[B终筛剔除:nexus资源侧(水电调度/电厂冷却水/区域水资源),非市政供水网]",摘要复核(B类终筛)
182,WOS:000277833800010,Preliminary Study on Ecological Bank (Island) Protection and its Impact on Flood Discharge,X,河道生态护岸工程,题目+关键词
183,WOS:000492146100013,A Secure Dual-MCU Architecture for Robust Communication of IIoT Devices,X,IIoT双MCU安全架构,题目+关键词
184,WOS:001570060700001,"The Multiscale Assessment of Infrastructure Vulnerability to River Floods in Andean Areas: A Case Study of the Chibunga River in the Parish of San Luis, Ecuador",X,洪水基础设施脆弱性(安第斯),题目+关键词
185,WOS:000392270100090,"Flood vulnerability of critical infrastructure in Cork, Ireland",X,洪水基础设施脆弱性(科克),题目+关键词
186,WOS:A1982QP48200006,INCREASING THE RELIABILITY AND EFFICIENCY OF STEAM-WATER POWER GENERATING PLANT BY ADDING SURFACE-ACTIVE SUBSTANCES,X,电厂汽水系统化学添加剂,题目+关键词
187,WOS:000328546700005,Resources for Business Continuity in Disaster-Based Hospitals in the Great East Japan Earthquake: Survey of Miyagi Prefecture Disaster Base Hospitals and the Prefectural Disaster Medicine Headquarters,X,医院业务连续性,题目+关键词
188,WOS:001099745000001,Electricity and water cogeneration using a small PWR of 75 MW(th) coupled to a DCMD desalination plant with heat recovery,X,过程级(小型PWR+DCMD淡化联产),题目+关键词
189,WOS:000386408400001,Thermoeconomic and exergy analysis in using hybrid systems (GT plus MED plus RO) for desalination of brackish water in Persian Gulf,X,过程级(GT+MED+RO混合淡化),题目+关键词
190,WOS:000337360100005,Probabilistic analysis of interdependent infrastructures subjected to weather-related hazards,A,"天气灾害下互依基础设施概率分析(电-水,洪水)",摘要
191,WOS:000302541600009,Strategies to reduce durations of post-earthquake water service interruptions in Los Angeles,X,"[B终筛剔除:单一系统(纯供水/纯电网)韧性,无水电耦合]",摘要复核(B类终筛)
192,WOS:001434966600001,Cascading failure analysis of interdependent water-power networks based on functional coupling,A,"级联失效(功能耦合水-电网络,地震)",题目+关键词
193,WOS:000426942300012,HIGH INTEGRITY ELECTRICAL POWER SYSTEM OFFSHORE OIL & GAS FACILITY,X,海上油气平台电力系统,题目+关键词
194,WOS:000489897600017,Vulnerability of existing and planned coal-fired power plants in Developing Asia to changes in climate and water resources,X,煤电水资源脆弱性(nexus资源侧),题目+关键词
195,WOS:001594531700014,Supervised Machine Learning Techniques to Calculate the Robustness of Networks,X,机器学习网络鲁棒性(通用),题目+关键词
196,WOS:000423796000002,Aircraft detection in remote sensing images based on saliency and convolution neural network,X,遥感飞机检测,题目+关键词
197,WOS:001639785800001,Assessment of urban critical infrastructure resilience: integrating uncertainty failures and cascading failures,A,城市电/水/气级联失效韧性(不确定性失效),摘要
198,WOS:000403403400088,An Agent-based Model for the Evidence-Based Long Term Planning of Power and Water Critical Infrastructures,A,电力+供水基础设施长期规划(ABM),题目+关键词
199,WOS:001562325000001,Evaporation-Driven Fabric for Synergistic Water-Electricity-Lithium Co-Production,X,材料级(蒸发织物水-电-锂联产),题目+关键词
200,WOS:000544993600029,Autonomous desalination for improving resilience and sustainability of water management in North Cyprus,X,[B终筛剔除:淡化水/离网独立水电联产系统(口径外)],摘要复核(B类终筛)
201,WOS:000473750500062,"Disaster Risk Resilience in Colima-Villa de Alvarez, Mexico: Application of the Resilience Index to Flash Flooding Events",X,洪灾韧性指数(社会感知),题目+关键词
202,WOS:000233488800023,The Ghalilah SWRO plant: an overview of the solutions adopted to minimize energy consumption,X,SWRO淡化厂能耗优化,题目+关键词
203,WOS:000375515500038,The vulnerability of thermoelectric power generation to water scarcity in China: Current status and future scenarios for power planning and climate change,X,火电水资源稀缺脆弱性(nexus资源侧),题目+关键词
204,WOS:000604833700003,Design and analysis of a hybrid solar power plant for co-production of electricity and water: a case study in Iran,X,过程级(混合太阳能电-水联产),题目+关键词
205,WOS:000838527800016,Optimal Operation of Integrated Water-Power Systems Under Contingencies,A,应急状态下综合水-电系统优化运行,题目+关键词
206,WOS:000399623600069,Optimization of a residential district with special consideration on energy and water reliability,X,[B终筛剔除:社区/海岛/校园/建筑级微型水电系统(非城市电力系统)],摘要复核(B类终筛)
207,WOS:000821959500114,Coordination Framework for Integrated Operation of Water-Power Systems under Contingencies,A,应急状态下耦合水-电系统协调运行,题目+关键词
208,WOS:001540105000001,Mastering the complexity: An enhanced cellular automata-based framework for simulating resilience of hospital Power-Water-Firefighting-Space nexus system,X,[B终筛剔除:社区/海岛/校园/建筑级微型水电系统(非城市电力系统)],摘要复核(B类终筛)
209,WOS:000706313000038,Regional-scale water-energy nexus management by a mixed Possibilistic-Flexible robust nonlinear programming model,X,"[B终筛剔除:nexus资源侧(水电调度/电厂冷却水/区域水资源),非市政供水网]",摘要复核(B类终筛)
210,WOS:000078605500218,Lifeline seismic performance of electric power systems during the Northridge earthquake,X,纯电力(地震下电力系统生命线性能),题目+关键词
211,WOS:000450163701153,Electric Infrastructures Equalized to Strategic for Disaster Recovery in Emergencies,X,纯电力(电气基础设施灾后恢复),题目+关键词
212,WOS:001286941200001,"Comprehensive Review for Energy Recovery Technologies Used in Water Distribution Systems Considering Their Performance, Technical Challenges, and Economic Viability",X,[B终筛剔除:供水系统内水力发电/能量回收/抽蓄设备(口径外)],摘要复核(B类终筛)
213,WOS:000423009500055,Sustainable planning of the energy-water-food nexus using decision making tools,X,"[B终筛剔除:nexus资源侧(水电调度/电厂冷却水/区域水资源),非市政供水网]",摘要复核(B类终筛)
214,WOS:000329377800145,Electricity production from a bio-electrochemical cell for silver recovery in alkaline media,X,生物电化学银回收,题目+关键词
215,WOS:000395228000008,"Conceptual designs of integrated process for simultaneous production of potable water, electricity, and salt",X,过程级(饮用水+电+盐联产工艺),题目+关键词
216,WOS:001810483200001,"Energy-water management for sustainable development: Low-carbon coordinated scheduling of wastewater treatment plants, power and water distribution networks via Nash bargaining",A,低碳协调调度(污水厂+电网+配水网),题目+关键词
217,WOS:000403624400010,Performance simulation of a power-water combined plant driven by low grade waste heat,X,过程级(低品位余热电-水联产),题目+关键词
218,WOS:000696977300004,4E investigating of a combined power plant and converting it to a multigeneration system to reduce environmental pollutant production and sustainable development,X,过程级(多联产系统4E分析),题目+关键词
219,WOS:000394200800008,Integrating microbial fuel cells with anaerobic acidification and forward osmosis membrane for enhancing bio-electricity and water recovery from low-strength wastewater,X,污水处理微生物燃料电池,题目+关键词
220,WOS:000253637700017,A flexible count data regression model for risk analysis,X,统计方法学(计数回归),题目+关键词
221,WOS:001188286200001,Climate change exacerbates snow-water-energy challenges for European ski tourism,X,滑雪旅游造雪,题目+关键词
222,WOS:001850209600001,Emergency Coordination of Water Pumps and Pump-as-Turbine Units for Resilient Water-Power Systems,A,应急协调(水泵/PAT)韧性水-电系统,题目+关键词
223,WOS:001479763900113,Multi-objective capacity optimization configuration of island microgrid based on ocean thermal water and electricity co-generation system,X,[B终筛剔除:淡化水/离网独立水电联产系统(口径外)],摘要复核(B类终筛)
224,WOS:000171190200015,Seawater desalination projects. The Cyprus experience,X,海水淡化项目模式(塞浦路斯),题目+关键词
225,WOS:000599484400001,Evaluating cross-sectoral impacts of climate change and adaptations on the energy-water nexus: a framework and California case study,X,"[B终筛剔除:nexus资源侧(水电调度/电厂冷却水/区域水资源),非市政供水网]",摘要复核(B类终筛)
226,WOS:001572012200004,Landmark-node based reliability assessment for critical infrastructure networks,X,纯水网络(可靠性评估方法),题目+关键词
227,WOS:001788835700001,Desalination brine as a resource: Emerging opportunities in valuable minerals recovery via membrane distillation,X,淡化浓盐水资源化,题目+关键词
228,WOS:000814760000008,Modeling and optimization of a stand-alone desalination plant powered by solar/wind energies based on back-up systems using a hybrid algorithm,X,[B终筛剔除:淡化水/离网独立水电联产系统(口径外)],摘要复核(B类终筛)
229,WOS:000332025200037,"Failure risk assessment of interdependent infrastructures against earthquake, a Petri net approach: case study-power and water distribution networks",A,"相依网络失效风险(电力+配水网,地震)",题目+关键词
230,WOS:000688466800007,Robustness within the optimal economic polygeneration system for a dairy industry,X,乳品工业多联产优化,题目+关键词
231,WOS:001368196200001,Achieving efficient water-electricity ensemble via using easily obtainable hydrovoltaic-thermoelectric hybrid generators,X,器件级(水伏-热电混合发电),题目+关键词
232,WOS:000577960000065,Thermoeconomic Multi-objective Optimization of an Ammonia-Water Power/Cooling Cycle Coupled with a HCCI Engine,X,氨-水动力/制冷循环,题目+关键词
233,WOS:001666956500027,Optimizing k-Removal AUC for Urban Infrastructure Networks,A,城市多层网络(交通/电/水)k-移除AUC优化,摘要
234,WOS:000252215200303,"Reliability assessment, repair, and replacement of historic water tunnels and their contribution to California's sustainability",X,纯水基础设施(历史输水隧洞可靠性),题目+关键词
235,WOS:000226863300784,Next generation critical infrastructures: The push and pull to real-time,X,关键基础设施实时化讨论,题目+关键词
236,WOS:000328949000027,Optimal Allocation of CHP-Based Distributed Generation on Urban Energy Distribution Networks,A,[B终筛升A]城市电-水-气配网CHP-DG一体化调度与最优配置,摘要复核(B类终筛)
237,WOS:000380472400059,DEWA's Smart Solution to Mitigate the Substation Fire Incident in Dubai Substation,X,变电站火灾监测,题目+关键词
238,WOS:000440156400010,"Assessment of Infrastructure Resilience in the 2015 Gorkha, Nepal, Earthquake",A,[B终筛升A]加德满都谷地电网与市政供水韧性实证评估(Gorkha地震),摘要复核(B类终筛)
239,WOS:000793115900004,Model and solution method for mean-risk cost-based post-disruption restoration of interdependent critical infrastructure networks,A,"均值-风险恢复模型(电-水网络,Shelby地震)",摘要
240,WOS:001448223400001,The Semi-Natural Climate Chambers across Latitudes: A Broadly Applicable Husbandry and Experimental System for Terrestrial Ectotherms under Climate Change,X,动物气候实验舱,题目+关键词
241,WOS:001295996500001,Reliability and resilience of environmental flows under uncertainty: reconsidering water year types and inconsistent flow requirements in California,X,生态流量可靠性(水文),题目+关键词
242,WOS:000262707700192,ADVANCED INDUSTRIAL PROCESS ENERGY EFFICIENCY,X,工业过程能效,题目+关键词
243,WOS:000333790600011,Assessing nuclear power plant safety and recovery from earthquakes using a system-of-systems approach,X,核电站地震安全SoS,题目+关键词
244,WOS:000878732000006,Evaluation of low-carbon multi-energy options for the future UAE energy system,X,阿联酋能源系统低碳建模,题目+关键词
245,WOS:000428483300037,A CASE STUDY OF DECENTRALIZED OFF-GRID WATER TREATMENT USING REVERSE OSMOSIS,X,离网RO水处理案例,题目+关键词
246,WOS:000896689600003,Novel recursive inclusion-exclusion technology based on BAT and MPs for heterogeneous-arc binary-state network reliability problems,X,网络可靠性算法,题目+关键词
247,WOS:000701920100009,Critical flow centrality measures on interdependent networks with time demands,A,互依网络临界流中心度(水-电城市模型),摘要
248,WOS:000638255100003,Changes of soil quality induced by different vegetation restoration in the collapsing gully erosion areas of southern China,X,土壤质量植被恢复,题目+关键词
249,WOS:000083740700023,Means and merits of higher temperature operation in dual-purpose plants,X,过程级(双用途淡化厂运行温度),题目+关键词
250,WOS:000505271100060,Robustness of energy consumption and comfort in high-performance residential building with respect to occupant behavior,X,住宅建筑能耗行为,题目+关键词
251,WOS:000527567200071,Reliability evaluation of multi-carrier energy system with different level of demands under various weather situation,X,多载体能源系统可靠性(无供水),题目+关键词
252,WOS:000958339100001,A Digital Twin-Based System to Manage the Energy Hub and Enhance the Electrical Grid Resiliency,X,数字孪生能源枢纽+电网韧性,题目+关键词
253,WOS:001825111200001,Aluminum-based interfacial evaporator fabricated by picosecond laser synergistic high-temperature carbonization for multistage water-electricity cogeneration,X,材料级(激光铝蒸发器水电联产),题目+关键词
254,WOS:000461196000003,"Sustainable land management practices, off-farm work participation and vulnerability among farmers in Ghana: Is there a nexus?",X,农业土地管理(加纳),题目+关键词
255,WOS:000612890500002,A coordinated repair routing problem for post-disaster recovery of interdependent infrastructure networks,A,互依生命线协同修复路径(水-电-气),摘要
256,WOS:000345500500079,Operating cost for CO2 capture process using aqueous ammonia,X,CO2捕集成本,题目+关键词
257,WOS:000243695300007,Optimizing scheduling of post-earthquake electric power restoration tasks,X,纯电力(震后恢复任务调度),题目+关键词
258,WOS:000888555200001,Rangeland restoration in Jordan: Restoring vegetation cover by water harvesting measures,X,牧场恢复(约旦),题目+关键词
259,WOS:000385598300009,Economic analysis and assessment of a standalone solar-hydrogen combined heat and power system integrated with solar-thermal collectors,X,太阳能-氢CHP经济分析,题目+关键词
260,WOS:001205704600001,Systemic seismic risk assessment of urban healthcare system considering interdependencies to critical infrastructures,X,"[B终筛剔除:通用生命线/相依基础设施方法或调查,无市政供水-城市电力实质耦合建模]",摘要复核(B类终筛)
261,WOS:000822361900001,Failure consequence evaluation of uncontrollable district heating network,X,区域供热网失效后果,题目+关键词
262,WOS:000365323100005,Disaster Vulnerability of Hospitals: A Nationwide Surveillance in Japan,X,医院灾害脆弱性,题目+关键词
263,WOS:000526747900054,"Parameter analysis of an ammonia-water power cycle with a gravity assisted thermal driven ""pump"" for low-grade heat recovery",X,氨-水循环低品位热回收,题目+关键词
264,WOS:000329604900097,Drought and the water-energy nexus in Texas,X,nexus资源侧(德州干旱-火电),题目+关键词
265,WOS:000432426900021,Robustness Enhancement of Healthcare Infrastructure through Intelligent Planning Units (IPUs),X,医疗基础设施规划,题目+关键词
266,WOS:A1993LV47600009,FEASIBILITY OF INSTALLING BACK PRESSURE TURBINE AT UMM-AL-NAR-EAST STATION,X,电厂背压轮机改造,题目+关键词
267,WOS:001513217200004,A novel electrochemical and salt-field evaporation combined strategy for sustainable lithium extraction from raw brine with reduced resource consumption,X,盐湖提锂,题目+关键词
268,WOS:000348561500108,The Design of Solar Water Heating Remote Monitoring System Based on GSM Technology,X,太阳能热水监控,题目+关键词
269,WOS:001600777600047,Energy Management for Rural Microgrid With Inaccurate Equipment Parameters: A KAN-Based Deep Reinforcement Learning Method,X,[B终筛剔除:非城市供水(灌溉/农村/离网提水)],摘要复核(B类终筛)
270,WOS:000657397100088,Spatial modeling of environmental vulnerability in the biggest river in Iran using geographical information systems,X,河流环境脆弱性GIS,题目+关键词
271,WOS:001785423800001,A Water-Electricity Co-Generator for Solar-Driven Steam Production and Full-Day Electricity Output via Harvesting Autogenous Salinity Power,X,器件级(太阳能蒸汽+盐差发电),题目+关键词
272,WOS:001799473100068,Integrated Planning of Data Centers and Coupled Electricity-water Systems with Renewable Energy for Low-carbon Goals,A,数据中心+耦合电-水系统低碳规划,题目+关键词
273,WOS:000833517600002,A systematic construction of water-electricity cogeneration and thermal membrane coupling desalination technology using the waste heat in steel industry,X,过程级(钢铁余热水电联产+淡化),题目+关键词
274,WOS:000833541600015,An Approach for Resilience Assessment of SIRES,X,乡村可再生能源系统韧性,题目+关键词
275,WOS:001649014100001,Human-Centered Infrastructure Restoration: An Integrated Framework for Demand Estimation and Resource Allocation,X,"[B终筛剔除:通用生命线/相依基础设施方法或调查,无市政供水-城市电力实质耦合建模]",摘要复核(B类终筛)
276,WOS:000776637300036,Incorporating the Human Factor in Modeling Interdependent Infrastructure Systems,A,人因互依CIS建模(电力-水系统案例),摘要
277,WOS:001639445400001,Boundaries for a global resilient energy transition,X,全球能源转型边界,题目+关键词
278,WOS:000800221500001,Mixing waters: stakeholder influence in transboundary water conflict and cooperation,X,跨境水冲突治理,题目+关键词
279,WOS:000621598900014,4E dynamic analysis of a water-power cogeneration plant integrated with solar parabolic trough collector and absorption chiller,X,过程级(水-电联产厂4E动态分析),题目+关键词
280,WOS:000465417100084,Planning Criteria Benchmarking and Voltage Stability Study for Marafiq's Yanbu Network,X,纯电力(Yanbu电网电压稳定),题目+关键词
281,WOS:001268706200001,Ecotourism and mangrove conservation in Southeast Asia: Current trends and perspectives,X,红树林生态旅游,题目+关键词
282,WOS:001842255300031,Futurism Trends in IoT Towards Sensible Smart Cities,X,IoT智慧城市传感,题目+关键词
283,WOS:000451380200024,Aggregation Architecture for Data Reduction and Privacy in Advanced Metering Infrastructure,X,高级量测隐私,题目+关键词
284,WOS:001838729700001,Rheological evaluation of soil microstructure stability during vegetation restoration on the Loess Plateau of China,X,黄土土壤流变,题目+关键词
285,WOS:001708847900097,Lean Transformation in Power Transmission Maintenance,X,输电精益维护,题目+关键词
286,WOS:000548584900072,"Electrochemical-Osmotic Process for Simultaneous Recovery of Electric Energy, Water, and Metals from Wastewater",X,废水资源回收电化学,题目+关键词
287,WOS:000298863700025,Earthquake Performance of Telecommunications Infrastructure in Christchurch 2010/2011,X,通信基础设施震害,题目+关键词
288,WOS:000223577100008,High power water switches: Postbreakdown phenomena and dielectric recovery,X,脉冲功率水开关,题目+关键词
289,WOS:000714944700013,Change Point Detection in Periodic Panel Data Using a Mixture-Model-Based Approach,X,面板数据变点检测,题目+关键词
290,WOS:000392426501050,Functional and economic obsolescence of assets in network utilities according to different environmental factors,X,网络公用事业资产折旧,题目+关键词
291,WOS:001634343500001,"Reliability, Maintenance, and Safety of Power-to-Hydrogen: Lessons Learned from an Industrial Demonstrator",X,电氢系统可靠性维护,题目+关键词
292,WOS:000876455100003,Analysis of the influencing factors on industrial resilience to flood disasters using a semi-markov recovery model: A case study of the Heavy Rain Event of July 2018 in Japan,X,"[B终筛剔除:通用生命线/相依基础设施方法或调查,无市政供水-城市电力实质耦合建模]",摘要复核(B类终筛)
293,WOS:000226218800190,Emirate of Abu Dhabi power transmission system evaluation & expansion,X,纯电力(阿布扎比输电扩展),题目+关键词
294,WOS:000909015500001,Optimal Design and Comparative Analysis of a PV/Mini-Hydropower and a PV/Battery Used for Electricity and Water Supply,X,[B终筛剔除:非城市供水(灌溉/农村/离网提水)],摘要复核(B类终筛)
295,WOS:000380939200027,Survivability as a Generalization of Recovery,X,生存性理论,题目+关键词
296,WOS:000830892300007,Quantifying the trade-off between water and electricity for tomato production in arid environments,X,温室番茄水-电权衡(农业),题目+关键词
297,WOS:000655062500025,"Energy and exergy analyses of a combined cooling, heating and power system with prime mover of phosphoric acid fuel cell with organic Rankine cycle",X,燃料电池CCHP㶲分析,题目+关键词
298,WOS:000445267100045,Climate Change Risk Assessment Method for Electrical Facility,X,纯电力(电气设施气候风险),题目+关键词
299,WOS:000918448700001,Assessing Shock Propagation and Cascading Uncertainties Using the Input-Output Framework: Analysis of an Oil Refinery Accident in Singapore,X,投入产出法事故经济冲击,题目+关键词
300,WOS:000313566100013,Minimal intervention dentistry: part 5. Atraumatic restorative treatment (ART) - a minimum intervention and minimally invasive approach for the management of dental caries,X,牙科治疗,题目+关键词
301,WOS:000316432700052,Thermodynamic analysis and optimization of an ammonia-water power system with LNG (liquefied natural gas) as its heat sink,X,氨-水+LNG循环,题目+关键词
302,WOS:000300478100016,"Cost optimization of a combined power and water desalination plant with exergetic, environment and reliability consideration",X,过程级(电力+MSF淡化成本优化),题目+关键词
303,WOS:001721555700003,Investigating the Consequences of Heat Waves on Social Groups and Coping Strategy in Dhaka City,X,热浪社会影响(达卡),题目+关键词
304,WOS:000979268900001,GIS-Based Identification of Locations in Water Distribution Networks Vulnerable to Leakage,X,纯供水(管网漏损GIS),题目+关键词
305,WOS:000467093500043,"Mapping and Modeling Interdependent Power, Water, and Gas Infrastructures",A,电-水-气互依基础设施建模(级联失效),题目+关键词
306,WOS:000931670800001,A two-stage stochastic multi-objective resilience optimization model for network expansion of interdependent power-water networks under disruption,A,互依电力-水网络扩展韧性优化,题目+关键词
307,WOS:000406137700004,SCADA-SST: A SCADA Security Testbed,X,SCADA安全测试床,题目+关键词
308,WOS:001349541100019,OPTIMAL SENSOR PLACEMENT IN NUCLEAR POWER STEAM WATER SYSTEM BASED ON SIGNED DIRECTED GRAPH,X,核电汽水系统传感器布置,题目+关键词
309,WOS:001544045100002,Extreme weather events and critical infrastructure resilience: Lessons from Hurricane Irma in Florida,X,"[B终筛剔除:通用生命线/相依基础设施方法或调查,无市政供水-城市电力实质耦合建模]",摘要复核(B类终筛)
310,WOS:001242479500001,Desalination and wave power for freshwater supply on Gotland,X,[B终筛剔除:淡化水/离网独立水电联产系统(口径外)],摘要复核(B类终筛)
311,WOS:000392605000019,DIAGNOSIS OF THE OPEN-GAIN REVERSE OSMOSIS DESALINATION UNIT,X,RO淡化装置诊断,题目+关键词
312,WOS:001172557800001,Simultaneous Wastewater Treatment and Resources Recovery by Forward Osmosis Coupled with Microbial Fuel Cell: A Review,X,废水FO+MFC综述,题目+关键词
313,WOS:001022073500002,Seismic risk and resilience analysis of networked industrial facilities,X,"[B终筛剔除:通用生命线/相依基础设施方法或调查,无市政供水-城市电力实质耦合建模]",摘要复核(B类终筛)
314,WOS:001696045900001,Hierarchical LDH@Ti3C2-based bifunctional evaporator for solar-driven water-electricity cogeneration,X,材料级(蒸发器水电联产),题目+关键词
315,WOS:000317996700001,"Combined Hydrogen, Heat and Power (CHHP) pilot plant design",X,氢热电联供中试,题目+关键词
316,WOS:001755767900001,Grassland restoration measures influence soil water-holding capacity by altering soil and vegetation properties composition,X,草地恢复土壤水文,题目+关键词
317,WOS:000346767400061,A Data-Driven Process Controller for Energy-Efficient Variable-Speed Pump Operation in the Central Cooling Water System of Marine Vessels,X,船舶冷却水泵控制,题目+关键词
318,WOS:001756235300001,Wildfire risk to critical infrastructure: A systematic review highlighting the need for cross-sector collaboration,X,"[B终筛剔除:通用生命线/相依基础设施方法或调查,无市政供水-城市电力实质耦合建模]",摘要复核(B类终筛)
319,WOS:001593393100001,"Estimating Household Water Demand and Affordability Under Intermittent Supply: An Econometric Analysis with a Water-Energy Nexus Perspective for Pimpri-Chinchwad, India",X,家庭水需求计量经济(间歇供水),题目+关键词
320,WOS:001259728700001,A review of pinch analysis techniques and extended application in power systems,X,夹点分析综述(过程集成),题目+关键词
321,WOS:000517833900003,The challenge of soil loss control and vegetation restoration in the karst area of southwestern China,X,喀斯特土壤侵蚀,题目+关键词
322,WOS:000901789800003,Electrification and decarbonization of spent Li-ion batteries purification by using an electrochemical membrane reactor,X,电池回收电渗析,题目+关键词
323,WOS:A1992KA59200008,DESALINATION PLANT INTEGRATION WITH COGENERATION SYSTEMS FOR EOR COMMERCIAL INDUSTRIAL APPLICATIONS,X,过程级(淡化+热电联产EOR),题目+关键词
324,WOS:001867126300001,Enhancing disaster management and emergency response in the utility sector through Information Systems: A case study of the Maldives,X,公用事业灾害管理信息系统,题目+关键词
325,WOS:001115087700001,sCO2 power cycle/reverse osmosis distillation system for water-electricity cogeneration in nuclear powered ships and submarines,X,过程级(舰船核动力sCO2+RO),题目+关键词
326,WOS:001084633400174,MIMO Model Predictive Control for Demand Management in Islanded Water-Energy Microgrids,X,[B终筛剔除:社区/海岛/校园/建筑级微型水电系统(非城市电力系统)],摘要复核(B类终筛)
327,WOS:000405294000012,Water-Energy Nexus Perspectives in the Context of Photovoltaic-Powered Decentralized Water Treatment Systems: A Tanzanian Case Study,X,[B终筛剔除:淡化水/离网独立水电联产系统(口径外)],摘要复核(B类终筛)
328,WOS:000330646900023,Optimal Network Flow for the Supply Side of the Energy-Water Nexus,A,能源-水nexus供应侧网络流优化,题目+关键词
329,WOS:001191555800001,Study on Multivariable Dynamic Matrix Control for a Novel Solar Hybrid STIGT System,X,太阳能混合燃机控制,题目+关键词
330,WOS:000594966900001,Conflict Resilience of Water and Energy Supply Infrastructure: Insights from Yemen,X,"[B终筛剔除:通用生命线/相依基础设施方法或调查,无市政供水-城市电力实质耦合建模]",摘要复核(B类终筛)
331,WOS:000450401200005,Framework for Probabilistic Vulnerability Analysis of Interdependent Infrastructure Systems,A,概率脆弱性贝叶斯框架(亚特兰大配水网-电力系统),摘要
332,WOS:000328521200013,Realization for New Type System of Energy Recovery,X,柴油机能量回收,题目+关键词
333,WOS:000579365600047,Co-current analysis among electricity-water-carbon for the power sector in China,X,电力部门电-水-碳协同(nexus资源侧),题目+关键词
334,WOS:001533467300001,Many hands: Sharing the work and benefits of stream restoration in the Fishers and Farmers Partnership,X,河流修复社区合作,题目+关键词
335,WOS:000677532900005,"A two-stage IGDT/TPEM model for optimal operation of a smart building: A case study of Gheshm Island, Iran",X,[B终筛剔除:社区/海岛/校园/建筑级微型水电系统(非城市电力系统)],摘要复核(B类终筛)
336,WOS:001482694802080,Distributed Secondary Control with Economic Dispatch of Energy-Water Microgrids,X,[B终筛剔除:社区/海岛/校园/建筑级微型水电系统(非城市电力系统)],摘要复核(B类终筛)
337,WOS:000484881400079,Off-design performance analysis and optimization of the power production by an organic Rankine cycle coupled with a gas turbine in an offshore oil platform,X,海上平台ORC余热发电,题目+关键词
338,WOS:001694400100001,Modeling and analysis of urban critical infrastructure dynamic cascading failures in urban floods based on Simulink,A,城市洪灾下电/水/通信级联失效(广州),摘要
339,WOS:000489275900068,"Demand side management opportunities, framework, and implications for sustainable development in resource-rich countries: Case study Qatar",X,需求侧管理框架(卡塔尔),题目+关键词
340,WOS:000382678400003,A resource allocation approach for managing critical network-based infrastructure systems,X,"[B终筛剔除:通用生命线/相依基础设施方法或调查,无市政供水-城市电力实质耦合建模]",摘要复核(B类终筛)
341,WOS:000384837100001,Effects of natural disasters on social and economic well being: A study in Nigeria,X,灾害社会经济影响(尼日利亚),题目+关键词
342,WOS:000720050300003,Mitigating global warming in smart energy grids via energy supply security for critical energy infrastructures,X,智能电网能源供应安全,题目+关键词
343,WOS:000432475300070,Simulating stream response to floodplain connectivity and revegetation from reach to watershed scales: Implications for stream management,X,河流洪泛区恢复模拟,题目+关键词
344,WOS:000295061100057,Thermoeconomic analysis with reliability consideration of a combined power and multi stage flash desalination plant,X,过程级(电力+MSF热经济可靠性),题目+关键词
345,WOS:A1991FN51600005,A UNIFIED METHODOLOGY FOR RELIABILITY ASSESSMENT OF SYSTEMS WITH ACTIVE REDUNDANCY,X,冗余系统可靠性方法,题目+关键词
346,WOS:000234294200018,Transient stability study of interconnected power system of North Oman,X,纯电力(阿曼互联系统暂态稳定),题目+关键词
347,WOS:000543741200001,"Modular Deformable Steam Electricity Cogeneration System with Photothermal, Water, and Electrochemical Tunable Multilayers",X,器件级(蒸汽-电联产材料),题目+关键词
348,WOS:001853203700001,Life-line assurance in the urbanization process: revealing the coupled safety resilience of municipal underground pipelines and its influential characteristics,A,[B终筛升A]昆明市市政地下管线(燃气/电力/供水/排水)耦合安全韧性评估,摘要复核(B类终筛)
349,WOS:001243340500001,An efficient hydrogen-based water-power strategy to alleviate the number of transmission switching within smart grid,A,水-电系统下输电切换优化(SCUC),题目+关键词
350,WOS:000331684100007,A rapid reliability estimation method for directed acyclic lifeline networks with statistically dependent components,A,"生命线网络快速可靠性(互依电-水网络,Memphis)",摘要
351,WOS:000871058100003,Utilization of low-grade heat for desalination and electricity generation through thermal osmosis energy conversion process,X,器件级(热渗透淡化发电),题目+关键词
352,WOS:000636156600004,Susceptibility curves for humans: Empirical survival models for determining household-level disturbances from hazards-induced infrastructure service disruptions,X,家庭服务中断易损曲线(社会),题目+关键词
353,WOS:000302670200008,Feasibility study of a localized residential grey water energy-recovery system,X,住宅灰水能量回收,题目+关键词
354,WOS:000432425200121,"A Hybrid Methodology for Combined Interplant Heat, Water, and Power Integration",X,工业共生热-水-电集成(过程级),题目+关键词
355,WOS:001587166000090,Adjustable Robust Optimization for Integrated Power and Water Systems under Uncertainty,A,综合电力-水系统可调鲁棒优化,题目+关键词
356,WOS:000593976100033,Security risk control of water power generation industrial control network based on attack and defense map,X,水电发电工控网络安全,题目+关键词
357,WOS:000076664700004,"Ecosystem restoration: A case study in the Owens River Gorge, California",X,河流生态修复,题目+关键词
358,WOS:000392555600016,Reliability modeling and analysis of communication networks,X,通信网络可靠性,题目+关键词
359,WOS:000356754700035,Multi-objective analytical model for optimal sizing of stand-alone photovoltaic water pumping systems,X,[B终筛剔除:非城市供水(灌溉/农村/离网提水)],摘要复核(B类终筛)
360,WOS:000612003200010,"Energy, exergy, economic, exergoenvironmental, and environmental analyses of a multigeneration system to produce electricity, cooling, potable water, hydrogen and sodium-hypochlorite",X,过程级(多联产电-冷-水-氢),题目+关键词
361,WOS:000984885800001,Performance enhancement of a nanofluid filtered solar membrane distillation system using heat pump for electricity/water cogeneration,X,过程级(太阳能膜蒸馏+热泵),题目+关键词
362,WOS:000296305700048,COMPARATIVE COST ANALYSIS OF PRESSURE EXCHANGER (PX) AND TURBINE TYPE ENERGY RECOVERY DEVICES AT SEAWATER REVERSE OSMOSIS (SWRO) PLANTS,X,SWRO能量回收装置成本,题目+关键词
363,WOS:000359614800026,"FARMING SYSTEM DEVELOPMENT IN THE CHANGING ENVIRONMENT - EXPERIENCE FROM RESETTLED HOUSEHOLDS, SOUTHERN BRAZIL",X,农业系统(巴西),题目+关键词
364,WOS:000408868400001,What do New Yorkers Think about Impacts and Adaptation to Heat Waves? An Evaluation Tool to Incorporate Perception of Low-Income Groups into Heat Wave Adaptation Scenarios in New York City,X,热浪适应感知(纽约),题目+关键词
365,WOS:000665021400010,The campus cloud platform setup based on virtualization technology,X,校园云平台,题目+关键词
366,WOS:001458910100001,"Environmental assessment based on soil loss, deforestation in permanent preservation areas, and water quality applied in the Itacaiúnas Watershed, Eastern Amazon",X,流域环境评估(亚马逊),题目+关键词
367,WOS:000676353900001,Assessing the Impact of Water Efficiency Policies on Qatar's Electricity and Water Sectors,X,[B终筛剔除:淡化水/离网独立水电联产系统(口径外)],摘要复核(B类终筛)
368,WOS:001423176700001,"Life cycle assessment of heat, CO2 from composting for greenhouse applications",X,堆肥温室LCA,题目+关键词
369,WOS:000271715900035,Fujairah SWRO - management of membrane replacement,X,SWRO膜更换管理,题目+关键词
370,WOS:000562097000015,Chance-Constrained Water Pumping to Manage Water and Power Demand Uncertainty in Distribution Networks,A,机会约束水泵调度(PDN+WDN不确定性),题目+关键词
371,WOS:000468210800010,Developing Priority Index for Managing Utility Disruptions in Urban Areas with Focus on Cascading and Interdependent Effects,A,[B终筛升A]城市公用事业(水-电)中断级联互依优先级指数(Austin算例),摘要复核(B类终筛)
372,WOS:001666804000002,Text-based modeling reveals the sector-specific benefits of emerging technologies for extreme flood adaptation,X,洪水适应文本建模,题目+关键词
373,WOS:001511626300018,2 K system exergetic optimisation and helium recovery system for FCC-ee,X,加速器低温系统,题目+关键词
374,WOS:000298810001092,Intensive Care Unit Availability Indexed to Patient Complexity,X,ICU可用性,题目+关键词
375,WOS:000244663800027,Comparative study of power and water cogeneration systems,X,过程级(电-水联产系统比较),题目+关键词
376,WOS:001672584200001,Thermo-Adaptive Interfacial Solar Evaporators Enhanced by Tunable Structure and Wettability for High-Efficiency Water and Electricity Cogeneration,X,材料级(太阳能蒸发器),题目+关键词
377,WOS:000367117200005,FLOWSHEET STUDY OF A MULTISTAGE FLASH DESALINATION SYSTEM FOR COGENERATION WITH HIGH TEMPERATURE GAS-COOLED REACTOR,X,过程级(HTGR+MSF联产),题目+关键词
378,WOS:000250122500002,Performance of a pinch analysis for the process of recovery of ethanol from fermentation,X,乙醇回收夹点分析,题目+关键词
379,WOS:000493910800022,Solar Distillation Thermoelectric Power Generation,X,器件级(太阳能蒸馏热电),题目+关键词
380,WOS:000251132800001,Experience of mental disorder in the context of basic service reforms: The impact on caregiving environments in South Africa,X,精神卫生服务,题目+关键词
381,WOS:000260354500024,EVALUATION OF THE PROBLEMS CREATED BY TREES AND BUSHES TO THE URBAN ENVIRONMENT,X,城市树木问题,题目+关键词
382,WOS:000576798600013,Thermo-economic simulation and analysis of a solar thermal cycle combined with two desalination processes by multi-effect distillation (MED),X,过程级(太阳能+MED热经济),题目+关键词
383,WOS:001243458700001,Designing a multi-objective energy management system in multiple interconnected water and power microgrids based on the MOPSO algorithm,X,[B终筛剔除:社区/海岛/校园/建筑级微型水电系统(非城市电力系统)],摘要复核(B类终筛)
384,WOS:000509591200001,Interdisciplinary Approach to Building Functionality for Weather Hazards,X,建筑功能天气灾害(电力+人本),题目+关键词
385,WOS:000693461300001,A flexible and generic functional mock-up unit based threat injection framework for grid-interactive efficient buildings: A case study in Modelica,X,建筑电网交互威胁注入,题目+关键词
386,WOS:000841965900001,The feasibility of using soil seed bank for natural regeneration of degraded sandy grasslands,X,草原土壤种子库,题目+关键词
387,WOS:001021616800001,Variations of soil organic carbon fractions in response to conservative vegetation successions on the Loess Plateau of China,X,黄土高原土壤碳,题目+关键词
388,WOS:A1991GP75700019,CORROSION EXPERIENCE DATA-BANK SYSTEM FOR DESALINATION AND POWER-PLANTS (COREX),X,淡化/电厂腐蚀数据库,题目+关键词
389,WOS:001838729400002,Aggregate stability thresholds and sediment sorting governed by soil net force under different woodland restoration types,X,土壤团聚体,题目+关键词
390,WOS:000269061200002,Vulnerability Assessment of Health Care Facilities during Disaster Events,X,医疗设施脆弱性,题目+关键词
391,WOS:001046990000001,Investigation performance of adsorption system for desalination and power generation using superior adsorbent materials,X,过程级(吸附淡化+发电),题目+关键词
392,WOS:000744081400002,"Land surface roughness impacted by typical vegetation restoration projects on aeolian sandy lands in the Yarlung Zangbo River valley, southern Tibetan plateau",X,风沙地貌植被恢复,题目+关键词
393,WOS:001699041500001,Optimizing water and nutrient application for Caragana korshinskii-based vegetation restoration in coal-mine-degraded arid lands,X,矿区植被恢复水肥,题目+关键词
394,WOS:000178121000001,"Reconciling ecosystem rehabilitation and service reliability mandates in large technical systems: Findings and implications, of three major US ecosystem management initiatives for managing human-dominated aquatic -terrestrial ecosystems",X,生态修复与服务可靠性,题目+关键词
395,WOS:000228358100035,Recovery of high power water switches,X,脉冲功率水开关恢复,题目+关键词
396,WOS:001595403400001,Design and performance analysis of liquid organic hydrogen carriers supply HT-PEMFC systems,X,氢载体燃料电池系统,题目+关键词
397,WOS:000174750600008,Multicriteria planning of post-earthquake sustainable reconstruction,X,震后重建多准则规划,题目+关键词
398,WOS:000737180500001,Thermodynamic Analysis and Optimization of a Novel Power-Water Cogeneration System for Waste Heat Recovery of Gas Turbine,X,过程级(燃机余热sCO2+RO水电联产),题目+关键词
399,WOS:000333012500008,Resilience of Cloud Computing in Critical Systems,X,云计算韧性,题目+关键词
400,WOS:000621949200001,A critical review of the integration of renewable energy sources with various technologies,X,可再生能源集成综述,题目+关键词
401,WOS:000467956100007,"Lifetime Prediction of Boost, Z-source and Y-source Converters in a Fuel Cell Hybrid Electric Vehicle Application",X,车载变换器寿命,题目+关键词
402,WOS:000403420500053,Low Cost Wireless Sensors for Distribution Grid Intelligence and Resiliency,X,配网无线传感器,题目+关键词
403,WOS:001258717200001,"Stress Testing California's Hydroclimatic Whiplash: Potential Challenges, Trade-Offs and Adaptations in Water Management and Hydropower Generation",X,"[B终筛剔除:nexus资源侧(水电调度/电厂冷却水/区域水资源),非市政供水网]",摘要复核(B类终筛)
404,WOS:000364708700007,Emergency Food Supplies in Food Secure Households,X,应急食品供应,题目+关键词
405,WOS:000397367500002,Network reliability analysis with link and nodal weights and auxiliary nodes,X,交通网络可靠性,题目+关键词
406,WOS:001731025600002,A Machine Learning Framework for Joint Reliability Improvement and Maintenance of All-Terminal Networks,X,ML网络可靠性维护,题目+关键词
407,WOS:001770705800001,"Feasibility and optimal sizing analysis of hybrid PV/Wind powered seawater desalination system: A case study of four ports, Egypt",X,[B终筛剔除:淡化水/离网独立水电联产系统(口径外)],摘要复核(B类终筛)
408,WOS:000373157300016,Simulation and Optimization of Back Pressure Control for Circulating Fluidized Bed Boiler Unit with Unity of Three Towers,X,循环流化床锅炉控制,题目+关键词
409,WOS:000598371500039,Multifunctional solar bamboo straw: Multiscale 3D membrane for self-sustained solar-thermal water desalination and purification and thermoelectric waste heat recovery and storage,X,材料级(太阳能竹吸管膜),题目+关键词
410,WOS:001273758000001,"Response to comment by Daley et al., on ""Assessing gully erosion and rehabilitation using multi temporal LiDAR DEMs: Case study from the Great Barrier Reef catchments, Australia""",X,侵蚀沟LiDAR评估,题目+关键词
411,WOS:000588376700039,Decision frameworks for restoration & adaptation investment-Applying lessons from asset-intensive industries to the Great Barrier Reef,X,大堡礁投资决策,题目+关键词
412,WOS:000463122100081,"Biogas fueled combined cooling, desalinated water and power generation systems",X,过程级(沼气冷-水-电三联产),题目+关键词
413,WOS:000361030001070,Thermo-Economic Analysis of Combined Cycle MED-TVC Desalination System,X,过程级(MED-TVC联合循环热经济),题目+关键词
414,WOS:000652152900240,Portfolio Optimisation of Integrated Renewable Energy Cogeneration Systems,X,可再生联产组合优化(无水),题目+关键词
415,WOS:001611099000001,The relationship between data centers and the climate is a systems challenge: a spatial analysis of United States data centers,X,数据中心气候/水压力选址,题目+关键词
416,WOS:000313134500051,An economic evaluation of biological conversion of wheat straw to butanol: A biofuel,X,生物燃料经济,题目+关键词
417,WOS:001555356200004,Securing smart farms: Data-driven integration of renewable energy and desalination for sustainable agriculture,X,[B终筛剔除:淡化水/离网独立水电联产系统(口径外)],摘要复核(B类终筛)
418,WOS:001669970000047,Probabilistic Modeling of Infrastructure Reliability,X,"[B终筛剔除:通用生命线/相依基础设施方法或调查,无市政供水-城市电力实质耦合建模]",摘要复核(B类终筛)
419,WOS:001478744500001,Efficacy of absorber-plateless PV/T system: With low-cost and energy-efficient plastic capillary exchanger,X,PV/T集热器,题目+关键词
420,WOS:000946387500016,Bi-objective Optimization of Network Reliability by Genetic Algorithm,X,网络可靠性遗传算法,题目+关键词
421,WOS:000373863400017,Energy use consequences of ventilating a net-zero energy house,X,净零住宅通风能耗,题目+关键词
422,WOS:000557547000022,Model for Earthquake Damage Analysis in Lifeline Utility Systems with Consideration of Uncertainties,X,"[B终筛剔除:通用生命线/相依基础设施方法或调查,无市政供水-城市电力实质耦合建模]",摘要复核(B类终筛)
423,WOS:000865798000064,Assessment of Smart Heating and Cooling System Based on Thermal Use of Shallow Aquifer,X,浅层地热供冷热+地下水,题目+关键词
424,WOS:000682179400001,"Machine Learning for Authentication and Authorization in IoT: Taxonomy, Challenges and Future Research Direction",X,IoT认证授权,题目+关键词
425,WOS:000429321600004,Vulnerability of Interdependent Urban Infrastructure Networks: Equilibrium after Failure Propagation and Cascading Impacts,A,多层网络失效传播均衡(水/电/交通+社区行为),摘要
426,WOS:000415823400007,Solar-driven dual-purpose plant with hybrid desalination system for harsh desert farms,X,过程级(太阳能双用途淡化农场),题目+关键词
427,WOS:000306394400075,Failure mechanism of FC-PBGA devices under external stress,X,电子封装失效,题目+关键词
428,WOS:001630694500003,Synergistic utilization of low-grade heat and salinity gradient for water-electricity cogeneration through thermal osmosis and nanofluidic reverse electrodialysis,X,器件级(热渗透+反电渗析水电联产),题目+关键词
429,WOS:000351352000012,Seismic Hazard and Risk Assessment for Tbilisi - New Approaches,X,第比利斯地震风险,题目+关键词
430,WOS:000457127300267,"Family Structure and Severe Food Insecurity in Maputo and Matola, Mozambique",X,食品安全(莫桑比克),题目+关键词
431,WOS:000815263200023,Targeting climate adaptation to safeguard and advance the Sustainable Development Goals,X,气候适应与SDGs,题目+关键词
432,WOS:000619107300006,Enhancement of solar energy use by an integrated system for five useful outputs: System assessment,X,太阳能多联产,题目+关键词
433,WOS:000289704101064,The Application Research of Thermoelectric Generation Technology in Gas Water Heater,X,燃气热水器温差发电,题目+关键词
434,WOS:000686463200004,Methodology and challenges of fire following earthquake analysis: an urban community study considering water and transportation networks,X,"震后火灾级联(水网+交通,无电力耦合)",题目+关键词
435,WOS:000423009500041,Counting energy poverty in Spain between 2004 and 2015,X,能源贫困(西班牙),题目+关键词
436,WOS:000409290700073,Input-output Inoperability Model for the risk analysis of eco-industrial parks,X,生态工业园IO风险分析,题目+关键词
437,WOS:000672823300063,Impact of EV charging Station Penetration on Harmonic Distortion Level in Utility Distribution Network: A Case Study of Qatar,X,EV充电谐波,题目+关键词
438,WOS:001096949900001,Insulation design of-800 kV gas insulation transmission line for negative ion based neutral beam injector,X,GIL绝缘设计,题目+关键词
439,WOS:001128039100001,"Towards a sustainable environment and carbon neutrality: Optimal sizing of standalone, green, reliable, and affordable water-power cogeneration systems",X,[B终筛剔除:淡化水/离网独立水电联产系统(口径外)],摘要复核(B类终筛)
440,WOS:000599652000001,Assessing the impact of systemic heterogeneity on failure propagation across interdependent critical infrastructure systems,A,相依基础设施失效传播(电力+供水系统),题目+关键词
441,WOS:001568241500001,Fractional-order sliding mode coordinated controller using super-twisting disturbance observer for an NSSS with predefined-time stability,X,核蒸汽供应系统控制,题目+关键词
442,WOS:000863105600008,Interdependent effects of critical infrastructure systems under different types of disruptions,X,"[B终筛剔除:通用生命线/相依基础设施方法或调查,无市政供水-城市电力实质耦合建模]",摘要复核(B类终筛)
443,WOS:000572861700004,Implementing multiple-effect distillation and reverse osmosis thermal coupling to improve desalination process performance in combined water and power plants,X,过程级(MED-RO热耦合联产厂),题目+关键词
444,WOS:000365130200004,Rapid Assessment of Hurricane Damage and Disruption to Interdependent Civil Infrastructure Systems,A,[B终筛升A]飓风中电力-供水-通信互依系统中断快速预测模型,摘要复核(B类终筛)
445,WOS:000322785100010,Water Power and/or Nature Conservation? - Analysis of Options for the Rehabilitation of the Lower Salzach River,X,水电开发vs自然保护(河流),题目+关键词
446,WOS:000430034700008,"Assessing three fish species ecological status in Colorado River, Grand Canyon based on physical habitat and population models",X,鱼类生态,题目+关键词
447,WOS:000591678700092,Feasibility of Alarm Events upon Smart Metering in LoRa Networks,X,智能计量LoRa,题目+关键词
448,WOS:000236976000002,Reliable high power diode lasers: thermo-mechanical fatigue aspects,X,二极管激光器可靠性,题目+关键词
449,WOS:000322131200150,A Study on Reliability Based Assessment for High Voltage Induction Stator Windings,X,电机绕组可靠性,题目+关键词
450,WOS:000417008900027,Improved recovery of bioenergy and osmotic water in an osmotic microbial fuel cell using micro-diffuser assisted marine aerobic biofilm on cathode,X,渗透微生物燃料电池,题目+关键词
451,WOS:000726424700001,Resilience of Interdependent Water and Power Systems: A Literature Review and Conceptual Modeling Framework,A,互依水-电系统韧性综述+概念框架,题目+关键词
452,WOS:000345426800003,Green Village Delft - integration of an autarkic water supply in a local sustainable energy system,X,[B终筛剔除:社区/海岛/校园/建筑级微型水电系统(非城市电力系统)],摘要复核(B类终筛)
453,WOS:000956433900001,Comprehensive Thermodynamic Evaluation of the Natural Gas-Fired Allam Cycle at Full Load,X,Allam循环热力学,题目+关键词
454,WOS:001267384200001,"Design, simulation and investigation of the tri-generation process of fresh water, power and biogas using solar thermal energy and sewage sludge",X,过程级(太阳能+污泥三联产),题目+关键词
455,WOS:000752197200001,Emergy and eco-exergy analysis of different scenarios in waste heat recovery applications for electricity and fresh water generation,X,过程级(余热发电+淡水emergy),题目+关键词
456,WOS:000308573000024,A Functional Loss Assessment of a Hospital System in the Bio-Bio Province,X,医院功能损失评估,题目+关键词
457,WOS:001586813500001,Effect of government regulation on promotion of soil restoration practices among farmers in the Loess plateau: Unveiling the role of green ecological cognition,X,农户土壤修复行为,题目+关键词
458,WOS:001225694200001,Runoff and Infiltration responses of revegetated slopes to clipping management on the northern Loess Plateau,X,黄土坡面径流,题目+关键词
459,WOS:001813485600001,A Petri Net-based asset management model for polymer electrolyte membrane electrolyser balance of plant,X,电解槽资产管理Petri网,题目+关键词
460,WOS:001144574700001,Community-level post-hazard functionality methodology for buildings exposed to floods,X,洪水建筑功能,题目+关键词
461,WOS:001180336100001,Nonlinear damping characteristic analysis of hydropower systems based on a reliable damping quantification method,X,水电机组阻尼特性,题目+关键词
462,WOS:000669025800001,Climate Change Vulnerability and Key Adaptation Trajectory of the Regional Economic System,X,区域经济气候脆弱性,题目+关键词
463,WOS:000387975200006,Spatial optimization of residential urban district - Energy and water perspectives,X,[B终筛剔除:社区/海岛/校园/建筑级微型水电系统(非城市电力系统)],摘要复核(B类终筛)
464,WOS:001716483600001,Leveraging cascade heat recovery from a gas turbine cycle in a sustainable integrated energy system; multi-objective optimization using radial basis function-driven Ant Colony algorithm,X,过程级(燃机梯级余热IES),题目+关键词
465,WOS:000340213800045,Thermal performance of a modified ammonia-water power cycle for reclaiming mid/low-grade waste heat,X,氨-水循环,题目+关键词
466,WOS:001845304200001,Integrated binary geothermal-LNG cold energy recovery multigeneration system for urban energy applications,X,过程级(地热LNG多联产),题目+关键词
467,WOS:000247090600026,Assessment of post-hurricane katrina recovery in poultry slaughter establishments,X,禽类加工厂灾后恢复,题目+关键词
468,WOS:001464394400001,An integrated multi-hazard resilience framework for facility operations: Analysis of buildings' interdependencies,X,建筑互依多灾害韧性,题目+关键词
469,WOS:000220166100007,"Resident fish in the Columbia River Basin: Restoration, enhancement, and mitigation for losses associated with hydroelectric development and operations",X,河流鱼类修复,题目+关键词
470,WOS:000268986900011,Adapted Water Supply Technology Using Pumps as Turbines,X,[B终筛剔除:供水系统内水力发电/能量回收/抽蓄设备(口径外)],摘要复核(B类终筛)
471,WOS:000237946400008,Residential experience with proton exchange membrane fuel cell systems for combined heat and power,X,住宅燃料电池CHP,题目+关键词
472,WOS:000361748500027,Research on Machine Manufacturing for a New Type of the Sewage Recycling and Energy Saving Car-washing Machine,X,洗车污水回用机械,题目+关键词
473,WOS:001261633400001,Realizing renewable resilience: Lessons from the Middle East for the global energy transition,X,中东可再生能源转型,题目+关键词
474,WOS:000659949800001,Recent advances in assessment of soil erosion vulnerability in a watershed,X,土壤侵蚀脆弱性,题目+关键词
475,WOS:001056952100001,"Energy, economic, and environmental analysis of combined cooling, heat, power and water (CCHPW) system incorporated with photovoltaic/thermal collectors and reverse osmosis systems",X,过程级(CCHPW+PV/T+RO),题目+关键词
476,WOS:000992042900001,Integrated reinforcement and repair of interdependent infrastructure networks under disaster-related uncertainties,A,[B终筛升A]电-水-通信互依网络灾前加固与灾后修复一体化随机优化,摘要复核(B类终筛)
477,WOS:000359873300032,Techno-economic feasibility of the irrigation system for the grassland and farmland conservation in China: Photovoltaic vs. wind power water pumping,X,[B终筛剔除:非城市供水(灌溉/农村/离网提水)],摘要复核(B类终筛)
478,WOS:001510303200001,Establishing environmental sustainability in a resource-limited surgical setting: the design of Kyabirwa surgical center,X,手术中心可持续性,题目+关键词
479,WOS:001576815300002,Urgent action needed to address the epidemiological threat of prolonged war in Gaza,X,加沙公共卫生,题目+关键词
480,WOS:000564641700012,Combinatorial analysis for probabilistic assessment of dependent failures in systems and portfolios,X,建筑组合可靠性,题目+关键词
481,WOS:000390819100001,Impacts of recent drought and warm years on water resources and electricity supply worldwide,X,"[B终筛剔除:nexus资源侧(水电调度/电厂冷却水/区域水资源),非市政供水网]",摘要复核(B类终筛)
482,WOS:000586917600142,A mathematical model for optimum design and synthesis of a hybrid electrolyser-fuel cell system: Production of hydrogen and freshwater from seawater,X,电解槽-燃料电池氢+淡水,题目+关键词
483,WOS:000337856500023,Human performance evaluation: The procedures of ultimate response guideline for nuclear power plants,X,核电人因,题目+关键词
484,WOS:001815114600001,Thermo-economic analysis of water-power cogeneration system based on low-temperature desalination and nuclear power plant,X,过程级(核电+低温淡化热经济),题目+关键词
485,WOS:001335561100001,A review and environmental impact analysis on the current state of froth flotation on recycling of e-wastes,X,电子废物浮选,题目+关键词
486,WOS:001411987300001,Evolutionary Adversarial Autoencoder for Unsupervised Anomaly Detection of Industrial Internet of Things,X,IIoT异常检测,题目+关键词
487,WOS:001186698600001,"Quantitative assessment of hydrogen blending in a gas turbine-based plant for supplying residential electricity, water, and cooling load: A techno-economic-environmental optimization",X,过程级(掺氢燃机多联产),题目+关键词
488,WOS:001596604200011,Thermo-economic analysis of flare gas recovery for power and clean water production using integrated concentrated solar power and direct oxy-fuel combustion,X,过程级(火炬气+CSP电+水),题目+关键词
489,WOS:001781502900001,Multi-water-source dispatch considering energy conservation and resources recycling for dust suppression in dry bulk ports,X,港口抑尘水资源调度,题目+关键词
490,WOS:000753402800008,Maximizing the power output and net present value of organic Rankine cycle: Application to aluminium industry,X,铝工业ORC余热,题目+关键词
491,WOS:000460215500028,Energy Conservation for an Office Building in a Hot Climate,X,办公建筑节能,题目+关键词
492,WOS:000537788600019,A hybrid solid oxide fuel cell-gas turbine fed by the motive steam of a multi-effects desalination-thermo vapor compressor system,X,过程级(SOFC-GT+MED-TVC),题目+关键词
493,WOS:001712928100028,MTMF-Grid: A multi-task multi-modal fusion model for operational forecasting and decision support in power grids,X,电网运行预测多模态模型,题目+关键词
494,WOS:000637964600012,"Recycling fuel cell waste heat to the thermoelectric cooler for enhanced combined heat, power and water production",X,器件级(燃料电池余热制冷产水),题目+关键词
495,WOS:001086031700001,Understanding cascading risks through real-world interdependent urban infrastructure,A,基督城电/供水/污水级联风险(海岸洪水),摘要
496,WOS:000414282400168,Using Biopositive Constructions made of Composite Materials in Water and Electricity Supply for Recreational Facilities,X,复合材料水工结构(休闲设施),题目+关键词
497,WOS:000368929400008,"Hurricane Wilma, utility disruption, and household wellbeing",X,飓风公用事业中断家庭福利(社会),题目+关键词
498,WOS:000862035600005,Experimental Study of Heat Extraction and Soil Recovery During Space Heating Application Using Ground Source Heat Pump System,X,地源热泵土壤换热,题目+关键词
499,WOS:A1996UR30900104,Real-time management and optimisation of industrial utilities systems,X,工业公用系统实时管理,题目+关键词
500,WOS:000389388900068,Design of a cost-effective wind/photovoltaic/hydrogen energy system for supplying a desalination unit by a heuristic approach,X,[B终筛剔除:淡化水/离网独立水电联产系统(口径外)],摘要复核(B类终筛)
501,WOS:000300648100029,Multi-objective optimization of a cogeneration plant for supplying given amount of power and fresh water,X,过程级(联产厂电+淡水多目标),题目+关键词
502,WOS:000629734100001,An optimal operation method of cascade hydro-PV-pumped storage generation system based on multi-objective stochastic numerical P systems,X,纯电力(梯级水-光-抽蓄调度),题目+关键词
503,WOS:000675599300013,Performance Evaluation of a Passive House in Sub-arctic Climate,X,被动房性能,题目+关键词
504,WOS:000424244500011,RAPTOR: a network tool for mitigating the impact of spatially correlated failures in infrastructure networks,X,"容错网络设计工具(通信为主,水-电仅展望)",摘要
505,WOS:000365989800034,"Low-cost solution to the grid reliability problem with 100% penetration of intermittent wind, water, and solar for all purposes",X,纯电力(100%可再生电网可靠性),题目+关键词
506,WOS:000437352400013,Intelligent system for control of water distribution networks,X,"纯供水(配水网智能控制,能效视角)",题目+关键词
507,WOS:000670999200001,Optimization of Wind Energy Battery Storage Microgrid by Division Algorithm Considering Cumulative Exergy Demand for Power-Water Cogeneration,X,[B终筛剔除:淡化水/离网独立水电联产系统(口径外)],摘要复核(B类终筛)
508,WOS:000613139700025,"Waste heat recovery in an intercooled gas turbine system: Exergo-economic analysis, triple objective optimization, and optimum state selection",X,燃机余热㶲经济,题目+关键词
509,WOS:001713107600001,Hierarchical economic model predictive control of coupled SWRO-PEM hydrogen production systems,X,SWRO-PEM制氢层级控制(过程),题目+关键词
510,WOS:000370972300012,Thermo-economic analysis of combined power and water production in Iran by multi effect desalination method,X,过程级(电力+MED热经济),题目+关键词
511,WOS:001770920800001,Minimizing water consumption in concentrating solar power (CSP) plants through integrated organic Rankine cycle waste heat recovery,X,CSP耗水削减(nexus资源侧),题目+关键词
512,WOS:001512570800032,Resilience Assessment of Urban Power Network Considering Multi-Stage Electrical-Water Fault Propagation,A,城市电网韧性(电-水多级故障传播),题目+关键词
513,WOS:000370073800079,A Science of System Security,X,系统安全科学,题目+关键词
514,WOS:001848460700001,Hollow kapok fiber-enabled photothermal aerogel with water supply and salt back-diffusion for solar desalination and thermoelectric generation,X,材料级(气凝胶淡化+热电),题目+关键词
515,WOS:000674588300005,"Four-Objective Optimal Scheduling of Energy Hub Using a Novel Energy Storage, Considering Reliability and Risk Indices",X,能源枢纽四目标调度(无水),题目+关键词
516,WOS:000514252900008,Efficiency assessment of water reclamation processes in milk protein concentrate manufacturing plants: A predictive analysis,X,乳品加工水回用,题目+关键词
517,WOS:000535972800002,Solar-driven co-generation of electricity and water by evaporation cooling,X,器件级(蒸发冷却电-水联产),题目+关键词
518,WOS:001177819600001,Thermodynamic evaluation of a novel open volumetric receiver-heliostat plant/desalination unit hybrid system,X,过程级(太阳能塔+MED),题目+关键词
519,WOS:001665911300022,Landslide Identification and Proposed Remediation for Castaic Power Plant South Portal Access Road,X,电厂道路滑坡,题目+关键词
520,WOS:000710278700001,Urban sustainability: Lessons from organisms and ecosystems,X,城市可持续仿生学,题目+关键词
521,WOS:000324043900003,A Preliminary Environmental Assessment for the Preservation and Restoration of Fujian Hakka Tulou Complexes,X,土楼保护,题目+关键词
522,WOS:001520163900001,Environmental sustainability in food processing: challenges and solutions in the vegetable oil and fat industry in Brazil,X,食品加工可持续,题目+关键词
523,WOS:000406419500009,"Analysis of Affordance, Time, and Adaptation in the Assessment of Industrial Control System Cybersecurity Risk",X,工控网络安全,题目+关键词
524,WOS:000367769800009,"Analysis of profitability of rainwater harvesting, gray water recycling and drain water heat recovery systems",X,建筑雨水/灰水/排水热回收经济性,题目+关键词
525,WOS:000883502300001,Energy Performance Assessment of a Novel Solar Poly-Generation System Using Various ORC Working Fluids in Residential Buildings,X,住宅太阳能多联产(过程),题目+关键词
526,WOS:000345030300009,Designing for resilience,X,网络韧性设计(通用),题目+关键词
527,WOS:001031652200001,"A novel zero-emission process for the co-production of power, natural gas liquid, and carbon dioxide based on shale gas",X,过程级(页岩气零排放联产),题目+关键词
528,WOS:000243695300008,Seismic response of critical interdependent networks,A,[B终筛升A]电-配水-交通-通信互依网络地震响应与级联失效缓解,摘要复核(B类终筛)
529,WOS:000466253100011,Resilience improvement planning of power-water distribution systems with multiple microgrids against hurricanes using clean strategies,A,飓风下电力-配水系统韧性提升规划(微网),题目+关键词
530,WOS:000246615103025,Characteristics of lateral ground force acting on piles in laterally spreading soil,X,桩基侧向土力,题目+关键词
531,WOS:000332904200005,Steady state model for multi-effect distillation case study: Plataforma Solar de Almeria MED pilot plant,X,MED中试建模(过程),题目+关键词
532,WOS:001338487200001,"Addressing extreme weather events for the renewable power-water-heating sectors in Neom, Saudi Arabia",X,[B终筛剔除:淡化水/离网独立水电联产系统(口径外)],摘要复核(B类终筛)
533,WOS:000369191400018,Performance investigation of a novel water-power cogeneration plant (WPCP) based on humidification dehumidification (HDH) method,X,过程级(HDH水-电联产),题目+关键词
534,WOS:000435697200014,Improved determination of mechanical power output in rowing: Experimental results,X,赛艇生物力学,题目+关键词
535,WOS:001241286500054,IoT-based Solution to Reduce Waste and Promote a Sustainable Farming Industry,X,农业IoT,题目+关键词
536,WOS:001249206100001,Alternative proton exchange membrane based on a bicomponent anionic nanocellulose system,X,燃料电池质子膜材料,题目+关键词
537,WOS:000676243300001,A Mathematical Program for Scheduling Preventive Maintenance of Cogeneration Plants with Production,X,联产电厂维护调度,题目+关键词
538,WOS:000369461700029,Conceptual model-based optimization and environmental evaluation of waste solvent technologies: Distillation/incineration versus distillation/pervaporation,X,废溶剂处理LCA,题目+关键词
539,WOS:001308764100001,Renewable energy-powered water desalination and treatment network under wind power and water demand uncertainty: A possibilistic chance-constrained programming,X,[B终筛剔除:淡化水/离网独立水电联产系统(口径外)],摘要复核(B类终筛)
540,WOS:000982339400009,Wireless Water Quality Monitoring System,X,水质监测浮标,题目+关键词
541,WOS:000403732700021,A mathematical framework to optimize resilience of interdependent critical infrastructure systems under spatially localized attacks,X,"[B终筛剔除:通用生命线/相依基础设施方法或调查,无市政供水-城市电力实质耦合建模]",摘要复核(B类终筛)
542,WOS:001504315200006,Characterizing the Venezuelan situation between 2014-2020 in a population-based study using seven key indicators,X,委内瑞拉人口健康,题目+关键词
543,WOS:000380544900030,"A Solar-powered, Wi-FiRe-programmable Precision Irrigation Controller",X,精准灌溉控制器,题目+关键词
544,WOS:001308802800001,Toward sustainable energy resource: Integrated concentrated photovoltaic and membrane distillation systems for fresh water and electricity production,X,过程级(CPV+膜蒸馏水电联产),题目+关键词
545,WOS:000313965700015,Novel Technique for Reducing the High Fault Currents and Enhancing the Security of ADWEA Power System,X,纯电力(短路电流限制),题目+关键词
546,WOS:001238384100001,Making waves: Power-to-X for the Water Resource Recovery Facilities of the future,X,"污水厂Power-to-X(污水-电耦合,口径外)",题目+关键词
547,WOS:000275146100003,"Environmental, economic and performance merits of triple production of water, electricity and renewable energy",X,过程级(水-电-可再生三联产),题目+关键词
548,WOS:000602844900005,Enhancing the performance of a bioelectrochemically assisted osmotic membrane bioreactor based on reverse diffusion of organic and buffering draw solutes,X,渗透膜生物反应器,题目+关键词
549,WOS:000650260300001,"Heat Emergencies: Perceptions and Practices of Community Members and Emergency Department Healthcare Providers in Karachi, Pakistan: A Qualitative Study",X,热浪健康(卡拉奇),题目+关键词
550,WOS:001332312800001,"Divergent behaviour of soil nutrients imprinted by different land management practices in the Three Gorges Reservoir Area, China",X,三峡库区土壤养分,题目+关键词
551,WOS:001248638800001,Carbon Neutral Design of Waste Energy Recovery System for LNG Power Plant Using Organic Rankine Cycle,X,LNG电厂ORC碳中和,题目+关键词
552,WOS:000243098600058,Performance analysis of combined humidified gas turbine power generation,X,过程级(湿化燃机+MED-TVC),题目+关键词
553,WOS:000315687200136,Hysteresis-based Robust Trust Computing Mechanism for Cloud Computing,X,云计算信任机制,题目+关键词
554,WOS:000316557800011,Analytical Model for Water Inflow of an Archimedes Screw Used in Hydropower Generation,X,阿基米德螺线水轮机,题目+关键词
555,WOS:001826903100001,Hyperbolic PDE-constrained decision-dependent robust planning of hydrogen energy storage systems for resilient electricity-water-gas nexus,A,"电-水-气nexus鲁棒规划(氢储,PDE约束)",题目+关键词
556,WOS:001247076000001,Comprehensive thermodynamic and economic analysis of an LNG cold energy recovery system using organic Rankine cycle and freezing-centrifugal desalination for power and water cogeneration,X,过程级(LNG冷能+冷冻淡化),题目+关键词
557,WOS:001649355300002,Machine learning for resilience analysis: a review of systems under cyberattacks,X,ML网络攻击韧性综述(电力),题目+关键词
558,WOS:000327685000038,An exergoeconomic investigation of waste heat recovery from the Gas Turbine-Modular Helium Reactor (GT-MHR) employing an ammonia-water power/cooling cycle,X,GT-MHR氨-水余热,题目+关键词
559,WOS:000442772100001,Estimating network related risks: A methodology and an application in the transport sector,X,交通网络风险,题目+关键词
560,WOS:000419813100042,Maintaining electric grid reliability under hydrologic drought and heat wave conditions,X,"[B终筛剔除:nexus资源侧(水电调度/电厂冷却水/区域水资源),非市政供水网]",摘要复核(B类终筛)
561,WOS:000905068100073,Probabilistic Seismic Risk Evaluation of the City of Los Angeles Water System Pipeline Network,X,纯供水(洛杉矶管网地震风险),题目+关键词
562,WOS:001519163200001,Mitigating severe hydrological droughts in the Brazilian tropical high-land region: A novel land use strategy under climate change,X,巴西干旱土地利用,题目+关键词
563,WOS:000904155000001,Microbial Fuel Cells (MFC): A Potential Game-Changer in Renewable Energy Development,X,MFC综述,题目+关键词
564,WOS:001678414000001,Comparing environmental footprints of haemodialysis and online haemodiafiltration in Italy,X,血液透析LCA,题目+关键词
565,WOS:001835110100001,"Migration decision making in MENA: Role of food insecurity, water, and energy scarcity",X,MENA迁移决策(水/能稀缺),题目+关键词
566,WOS:000434797800064,Building Modelling Methodologies for Virtual District Heating and Cooling Networks,X,区域供冷热网建模,题目+关键词
567,WOS:000168286800005,Impact of energy-conservation measures on cooling load and air-conditioning plant capacity,X,空调节能,题目+关键词
568,WOS:000374289500010,"Feasibility of anaerobic membrane bioreactors (AnMBR) for onsite sanitation and resource recovery (nutrients, energy and water) in urban slums",X,贫民窟厌氧膜卫生,题目+关键词
569,WOS:000430727100005,Relationships between average gully depths and widths on geological sediments underlying the Idah-Ankpa Plateau of the North Central Nigeria,X,侵蚀沟形态(尼日利亚),题目+关键词
570,WOS:000415818300005,Membrane device with integrated photoelectric system for producing drinking water and electricity,X,器件级(膜蒸馏+PV饮水-电),题目+关键词
571,WOS:001400155400001,"Advancing residential energy and water solutions in Riyadh, Saudi Arabia: A cogeneration system with dynamic load management for optimized electricity and water production",X,"住宅联产电-水(膜蒸馏,过程)",题目+关键词
572,WOS:000447479100012,"A concept of combined cooling, heating and power system utilising solar power and based on reversible solid oxide fuel cell and metal hydrides",X,CCHP-SOFC金属氢化物,题目+关键词
573,WOS:000604693800017,Assessment of operational availability for the PIP-II Superconducting Radio Frequency linear accelerator facility,X,加速器可用性,题目+关键词
574,WOS:000806099100001,"Disposable and reusable instruments in dental health practice: A comparison of cost factors in a public provider organization in Queensland, Australia",X,牙科器械成本,题目+关键词
575,WOS:000255550300004,Active cooling solutions for high power laser diodes stacks - art. no. 687604,X,激光二极管冷却,题目+关键词
576,WOS:001159929300001,Renewable Energy Source (RES)-Based Polygeneration Systems for Multi-Family Houses,X,住宅RES多联产(过程),题目+关键词
577,WOS:000348502100012,ACCURACY OF SERVICE AREA ESTIMATION METHODS USED FOR CRITICAL INFRASTRUCTURE RECOVERY,X,电力变电站服务区估计(电力为主),摘要
578,WOS:001307205300001,Development of an Intelligent Service Platform for a Poultry House Facility Environment Based on the Internet of Things,X,禽舍IoT,题目+关键词
579,WOS:000395712200003,Efficiency of a Combined Desalination and Power System Utilizing a Two-Phase Flow Multistream Heat Exchanger,X,过程级(淡化+电力换热器),题目+关键词
580,WOS:000363817400017,Humidification-dehumidification desalination process driven by photovoltaic thermal energy recovery (PV-HDH) for small-scale sustainable water and power production,X,过程级(PV-HDH小规模水电联产),题目+关键词
581,WOS:000887644100001,Cogeneration Systems Performance Analysis as a Sustainable Clean Energy and Water Source Based on Energy Hubs Using the Archimedes Optimization Algorithm,X,联产+能源枢纽优化(过程),题目+关键词
582,WOS:000959325100001,Brazilian payment for environmental services programs emphasize water-related services,X,巴西生态服务付费,题目+关键词
583,WOS:001380592500012,Modeling of a Photovoltaic/Thermal Hybrid Panel for Residential Hot Water System,X,PV/T热水系统,题目+关键词
584,WOS:000263608500009,Why are remote Western Australians installing renewable energy technologies in stand-alone power supply systems?,X,偏远地区独立供电采纳,题目+关键词
585,WOS:000427222200088,Implementation of Smart Infrastructure and Non-Invasive Wearable for Real Time Tracking and Early Identification of Diseases in Cattle Farming using IoT,X,养牛IoT,题目+关键词
586,WOS:000343761500035,Climate Change Consideration in Hydropower Development in Nepal Himalayan Region,X,尼泊尔水电气候,题目+关键词
587,WOS:000396731100032,The Use of Modified Composite Materials in Building Hydraulic Engineering Structures,X,水工结构复合材料,题目+关键词
588,WOS:001624438000039,Ion-engine hydrogel based solar desalination for water-electricity cogeneration with milliampere level current,X,材料级(水凝胶淡化+水电),题目+关键词
589,WOS:001565784400006,Photocatalytic hydrogen production by splitting atmospheric water for simultaneous water harvesting and power generation,X,器件级(光催化制氢+空气取水),题目+关键词
590,WOS:000482245700015,The water-energy vulnerability in the Barcelona metropolitan area,X,巴塞罗那水-能贫困(社会),题目+关键词
591,WOS:001755745100001,Nature-based solutions for soil and water conservation in an era of climate extremes: Limitations and future scenarios,X,水土保持NbS,题目+关键词
592,WOS:001849385400002,Training under planetary risk: planetary health ethics in clinical education and governance,X,行星健康伦理,题目+关键词
593,WOS:001665895500001,Optimal configuration of battery energy storage for resilience enhancement in multi-energy-coupled active distribution networks against typhoon events,A,电-气-水-热多能源耦合配网台风韧性(储能优化配置)[捞回],摘要复核(多系统耦合捞回)
594,WOS:000368037100007,Simulation and economic evaluation of small-scale SOFC-GT-MED,X,过程级(SOFC-GT-MED),题目+关键词
595,WOS:001301435400001,"A novel offshore energy station with poly-generation of power, fresh water, heat, cold and ice",X,过程级(海上能源站多联产),题目+关键词
596,WOS:000402343500033,"Financial analysis and risk assessment of hydroprocessed renewable jet fuel production from camelina, carinata and used cooking oil",X,航空生物燃料金融,题目+关键词
597,WOS:000893205800120,A low-power water quality monitoring system and prediction model,X,水质监测低功耗,题目+关键词
598,WOS:000412117100067,Multi-level Resilience in Networked Environments: Concepts & Principles,X,云安全韧性,题目+关键词
599,WOS:001598168100001,Bamboo Fiber Paper-Based Filter Material for Fast and Efficient Capture of Microplastics,X,竹纤维微塑料过滤,题目+关键词
600,WOS:001555444400001,"Thermodynamic, Economic, and Environmental Evaluation of Municipal Waste Incinerator to Produce Power and Fresh Water",X,过程级(垃圾焚烧电+淡水),题目+关键词
601,WOS:000445126200003,Optimal mass loading rate in low energetic full-scale reverse osmosis desalination,X,RO装载率,题目+关键词
602,WOS:000274135200002,Cleanroom energy efficiency strategies: Modeling and simulation,X,洁净室能效,题目+关键词
603,WOS:000286343000009,Combining the nuclear power plant steam cycle with gas turbines,X,核电+燃机蒸汽循环,题目+关键词
604,WOS:000254666500004,On better utilization of gas turbines in Kuwait,X,科威特燃机+淡化(过程),题目+关键词
605,WOS:000923023700001,All-day working photovoltaic cooling system for simultaneous generation of water and electricity by latent heat recycling,X,器件级(PV冷却水电联产),题目+关键词
606,WOS:000343834200036,Real-World Performance of a CERTS Microgrid in Manhattan,X,CERTS微网实证,题目+关键词
607,WOS:000282196500015,MICROGRIDS: A NEW APPROACH TO SUPPLY-SIDE DESIGN FOR DATA CENTERS,X,数据中心微网设计,题目+关键词
608,WOS:000244687000020,River habitat monitoring and assessment in Germany,X,河流生境监测,题目+关键词
609,WOS:000168136100006,"Integrated power, water and salt generation: a discussion paper",X,过程级(电-水-盐联产讨论),题目+关键词
610,WOS:000243723700084,Design of AMR data terminator equipment with GPRS,X,自动抄表GPRS,题目+关键词
611,WOS:001304907400023,LYOPHILIZATION/ FREEZE-DRYING AND SOLVENT RECOVERY WITH AIR REFRIGERATION,X,冷冻干燥制冷,题目+关键词
612,WOS:000394239400004,Quantification and Enhancement of the Resilience of Infrastructure Networks,X,天然气网络韧性,题目+关键词
613,WOS:000518874500094,Techno-economic feasibility study of a solar-powered distributed cogeneration system producing power and distillate water: Sensitivity and exergy analysis,X,过程级(太阳能分布式联产电+水),题目+关键词
614,WOS:000336314900047,Environmental assessment on electrokinetic remediation of multimetal-contaminated site: a case study,X,电动力学修复LCA,题目+关键词
615,WOS:001256808800001,Hybrid Genetic Algorithm and Tabu Search for Solving Preventive Maintenance Scheduling Problem for Cogeneration Plants,X,联产电厂维护GA/TS,题目+关键词
616,WOS:000411096800001,Energy Efficiency Prediction Based on PCA-FRBF Model: A Case Study of Ethylene Industries,X,乙烯能效预测,题目+关键词
617,WOS:001586901300025,Revitalizing India's Aging Dams-An Electrical Engineering Approach to Sustainable Rehabilitation,X,印度大坝改造(水电+智能电网),题目+关键词
618,WOS:001586893700029,Revitalizing India's Aging Dams-An Electrical Engineering Approach to Sustainable Rehabilitation,X,印度大坝改造(与617重复记录),题目+关键词
619,WOS:001681150000007,"Electricity Theft Detection With Multi-Source Data: Integrating Electricity, Water, and Gas",X,用户侧异常检测(电/水/气数据融合),题目+关键词
620,WOS:000372705800150,A Novel Motor-Speed-Regulation Method,X,电机调速,题目+关键词
621,WOS:000361499900061,COMBINED HEAT AND POWER GAS TURBINE OPERATIONAL FLEXIBILITY,X,CHP燃机运行灵活性,题目+关键词
622,WOS:000380709700007,Synchrophasor-based real-time state estimation and situational awareness system for power system operation,X,纯电力(同步相量状态估计),题目+关键词
623,WOS:001586822800001,"Assessing soil erosion vulnerability using a novel capacity-condition framework (CCF): A case study from New South Wales, Australia",X,土壤侵蚀,题目+关键词
624,WOS:000415769300001,A modified ammonia-water power cycle using a distillation stage for more efficient power generation,X,氨-水循环,题目+关键词
625,WOS:000477807300005,Analyzing the economic value of thermal power plant cooling water consumption,X,nexus资源侧(火电冷却水经济价值),题目+关键词
626,WOS:000730389300009,Improved Lignite Predrying System Integrated with Heat and Water Recovery from Wet Flue Gas at Lignite-Fired Power Plants: Energy and Water Conservation,X,褐煤预干燥烟气热水回收(过程),题目+关键词
627,WOS:001181163200013,"Change in emotional distress, anxiety, depression and PTSD from pre- to post-flood exposure in women residing in low-income settings in South Africa",X,洪灾心理健康,题目+关键词
628,WOS:000360999100127,Efficient and Secure M2M Communications for Smart Metering,X,M2M智能计量安全,题目+关键词
629,WOS:001386313600001,How to achieve optimal photovoltaic plant capacity in hydro-photovoltaic complementary systems: Fully coupling long-term and short-term operational modes of cascade hydropower plants,X,纯电力(水光互补调度),题目+关键词
630,WOS:001859735900001,Recent Advances in Phase-Change-Coupled Interfacial Evaporation: Thermal-Mass Management and Multifunctional Applications,X,材料级(相变界面蒸发),题目+关键词
631,WOS:001199824000001,Thermal-driven osmosis utilizing hollow fiber membranes: Sustainable dye water treatment and electricity extraction,X,器件级(热渗透印染水处理发电),题目+关键词
632,WOS:001416280000001,Sustainable process modeling and holistic 4E assessment of an innovative CHP plant with renewable hydrogen production based on multi-heat recovery and PEM electrolyzer,X,过程级(CHP+制氢4E),题目+关键词
633,WOS:000972740700001,Effects of cropland abandonment and afforestation on soil redistribution in a small Mediterranean mountain catchment,X,地中海土壤侵蚀,题目+关键词
634,WOS:001620353000001,Photothermal conversion-passive cooling interface achieves efficient evaporation and sustainable thermoelectric power generation,X,器件级(界面蒸发热电),题目+关键词
635,WOS:001315932500323,Enhancing Resilience of Reconfigurable Power-Water Systems with Mobile Distributed Generators and High-Proportional Renewables,A,可重构电力-水系统韧性(移动电源+高比例可再生),题目+关键词
636,WOS:000559513000001,DANGER! Crisis Health Workers at Risk,X,医务人员危机健康,题目+关键词
637,WOS:001587617300001,Thermoeconomic optimization of climate-adaptive solar and wind multi-generation systems using artificial intelligence and thermal energy recovery,X,过程级(风光多联产热经济),题目+关键词
638,WOS:000867888700014,Interdependent Infrastructures as a Multiteam System: Enhancing Resilience,X,相依基础设施组织协同(多团队),题目+关键词
639,WOS:000369005400015,"Climate variability and changes in the major cities of Bangladesh: observations, possible impacts and adaptation",X,孟加拉城市气候,题目+关键词
640,WOS:000870464000009,Socio-economic and environmental analysis on solar thermal energy-based polygeneration system for rural livelihoods applications on an Island through interventions in the energy-water-food nexus,X,过程级(海岛太阳能多联产nexus),题目+关键词
641,WOS:001856147400001,Measuring Climateand Water Risk across the Bulk PowerSystem,X,"[B终筛剔除:nexus资源侧(水电调度/电厂冷却水/区域水资源),非市政供水网]",摘要复核(B类终筛)
642,WOS:000789224400001,"Techno-economic-environmental modeling, joint optimization, and sensitivity analysis of a combined water desalination-hybrid renewable supply system",X,[B终筛剔除:淡化水/离网独立水电联产系统(口径外)],摘要复核(B类终筛)
643,WOS:001776918400001,"Hydrogen-driven thermoelectric trigeneration for sustainable homes: electricity, water, and heat",X,住宅氢三联供(器件),题目+关键词
644,WOS:001672168600002,"Environmental Life Cycle Assessment of Industrial Hazardous Waste Incineration: The Case of Kocaeli, Türkiye",X,危废焚烧LCA,题目+关键词
645,WOS:001215956800001,Innovative use of air gap membrane distillation to harvest waste heat from alkaline fuel cell for efficient freshwater production: A comprehensive 4E study,X,过程级(燃料电池余热AGMD淡化),题目+关键词
646,WOS:001139525500001,Sustainability and Resilience of Engineering Assets,X,工程资产可持续韧性(通用),题目+关键词
647,WOS:001655657200001,Techno-economic assessment of a demand-responsive RO-PRO superstructure for sustainable saline wastewater treatment,X,过程级(RO-PRO含盐废水),题目+关键词
648,WOS:000239327000007,Metabolomic analysis using optimized NMR and statistical methods,X,NMR代谢组学,题目+关键词
649,WOS:000454183400036,Engineered Slippery Surface to Mitigate Gypsum Scaling in Membrane Distillation for Treatment of Hypersaline Industrial Wastewaters,X,材料级(膜蒸馏防垢),题目+关键词
650,WOS:000233488400007,Rehabilitation and uprating of Ras Abu Fontas MSF desalination units: process optimisation and life extension,X,MSF淡化装置改造,题目+关键词
651,WOS:001656294900001,Energy-water-transport nexus modeling for energy transition: A system dynamics approach,X,[B终筛剔除:淡化水/离网独立水电联产系统(口径外)],摘要复核(B类终筛)
652,WOS:000333064000014,Efficiency improvement and exergy destruction reduction by combining a power and a multi-effect boiling desalination plant,X,过程级(电力+MED效率),题目+关键词
653,WOS:000657974200010,Feasibility Study of The IoT-Connectivity Deployment for AMI Service: A Case Study in Surabaya City,X,AMI物联网部署,题目+关键词
654,WOS:000084508100035,Experience in and future prospects for sea water desalination in Saudi Arabia,X,沙特淡化展望,题目+关键词
655,WOS:000874530600001,Development of an efficient ammonia-water power cycle through heat exchanger network analysis and artificial neural network,X,氨-水循环HEN-ANN,题目+关键词
656,WOS:000428485500020,MULTI EFFECTS DESALINATION-MECHANICAL VAPOR COMPRESSION POWERED BY LOW TEMPERATURE SUPERCRITICAL ORGANIC RANKINE CYCLE,X,过程级(MED-MVC+ORC),题目+关键词
657,WOS:001021622600001,"Redistribution process of precipitation in ecological restoration activity of Pinus sylvestris var. mongolica in Mu Us Sandy Land, China",X,毛乌素降水再分配,题目+关键词
658,WOS:000818068500053,Experimental research on the performance of BIPV/T system with water-cooled wall,X,BIPV/T水冷墙,题目+关键词
659,WOS:000375561905061,Simulation on Water Temperature Change Process of Diversion Channel for Pumping Well Water to Melt Ice,X,抽井水融冰渠道水温模拟,题目+关键词
660,WOS:001540218700001,Operation optimisation of micro pumped storage for decarbonisation of water and electricity distribution network in urban areas,X,[B终筛剔除:社区/海岛/校园/建筑级微型水电系统(非城市电力系统)],摘要复核(B类终筛)
661,WOS:000320625800081,"SENSITIVITY ANALYSIS OF A BIOMASS FIRED STIRLING ENGINE COMBINED COOLING, HEATING, AND POWER SYSTEM FOR A SMALL OFFICE BUILDING",X,生物质斯特林CCHP,题目+关键词
662,WOS:001634715500001,Low-temperature desalination based on natural circulation driven by waste heat,X,过程级(低温余热自然循环淡化),题目+关键词
663,WOS:000263861200081,Synchronized Measurement and Analysis in Real Time SMART® - system at Southern California Edison (SCE) Co,X,纯电力(SCE同步测量),题目+关键词
664,WOS:000252997100009,Designing cost-effective seawater reverse osmosis system under optimal energy options,X,SWRO能量方案设计(过程),题目+关键词
665,WOS:000248097800007,Simulation as a tool to assess the vulnerability of the operation of a health care facility,X,医疗设施运行脆弱性,题目+关键词
666,WOS:001144851300001,Cross-domain flood risk assessment for smart cities using dynamic knowledge graphs,X,智慧城市洪水风险知识图谱,题目+关键词
667,WOS:000362741300001,Detection of Malware Propagation in Sensor Node and Botnet Group Clustering Based on E-mail Spam Analysis,X,恶意软件传播检测,题目+关键词
668,WOS:001052990200001,Systematic exploration of heat wave impact on mortality and urban heat island: A review from 2000 to 2022,X,热浪死亡率综述,题目+关键词
669,WOS:000921750400001,Power blackout: Citizens? contribution to strengthen urban resilience,X,停电公民参与韧性(社会),题目+关键词
670,WOS:000208675900001,Sequential Propagation of Seismic Fragility across Interdependent Lifeline Systems,A,地震脆弱性顺序传播(互依电-水网络对比),摘要
671,WOS:000312914300071,Development of Sensor Node to Measure Soil Moisture,X,土壤湿度传感器,题目+关键词
672,WOS:000380493000001,"When Worlds Collide: Safety, Mission and Security-Critical System Engineering",X,系统工程安全,题目+关键词
673,WOS:001300052400001,Thermal and electrical performance analysis of a lightweight micro CHP system for recreational vehicles,X,房车微CHP,题目+关键词
674,WOS:000389785200118,Integrating district cooling systems in Locally Integrated Energy Sectors through Total Site Heat Integration,X,区域供冷热集成,题目+关键词
675,WOS:001253646600001,"Energy, exergy, thermoeconomic analysis of a novel multi-generation system based on geothermal, kalina, double effect absorption chiller, and LNG regasification",X,过程级(地热多联产),题目+关键词
676,WOS:001756823800001,"Integrated advanced exergy and life cycle assessment of a novel PEMFC-driven tri-generation system for power, heating, and desalination",X,过程级(PEMFC三联产含淡化),题目+关键词
677,WOS:001072593400001,Evaluation of post-disaster home livability for coastal communities in a changing climate,X,灾后住宅宜居性(电力+交通),题目+关键词
678,WOS:001348628000001,A stepwise optimization method for topology structure of fluid machinery network,X,流体机械网络拓扑优化,题目+关键词
679,WOS:000400065000096,Design and Research of the Movable Hybrid Photovoltaic-Thermal (PVT) System,X,移动式PVT系统,题目+关键词
680,WOS:001522593400020,Simultaneous solar-driven steam and electricity generation by CNT/ Zn2+-intercalated graphene oxide membranes,X,材料级(CNT/GO膜蒸汽+电),题目+关键词
681,WOS:000853695300003,"China's regional imbalance in electricity demand, power and water pricing- From the perspective of electricity-related virtual water transmission",X,nexus资源侧(电力虚拟水定价),题目+关键词
682,WOS:000470051300008,Investigation of an integrated system with industrial thermal management options for carbon emission reduction and hydrogen and ammonia production,X,工业热管理氢氨生产,题目+关键词
683,WOS:000430727100006,"Impact of urbanization on groundwater recharge and urban water balance for the city of Hyderabad, India",X,城市地下水补给(海得拉巴),题目+关键词
684,WOS:000523751400014,Enhancing Integrated Power and Water Distribution Networks Seismic Resilience Leveraging Microgrids,A,综合电力+配水网络抗震韧性(微网),题目+关键词
685,WOS:000675525300050,Renewable Sources of Energy for Efficient Development of Electricity Supplies for Agriculture in Chechen Republic,X,农业供电可再生(车臣),题目+关键词
686,WOS:000277213400017,Green Analyzer for the Measurement of Total Arsenic in Drinking Water: Electrochemical Reduction of Arsenate to Arsine and Gas Phase Chemiluminescence with Ozone,X,饮用水砷检测,题目+关键词
687,WOS:000792917100002,High level architecture-based framework for modeling interdependent critical infrastructure systems,A,相依关键基础设施HLA联合仿真框架(含水-电),题目+关键词
688,WOS:000428140500044,Economic Hurdle for Implementation of Cloud Computing in Higher Education in Sultanate of Oman,X,云计算教育经济,题目+关键词
689,WOS:000861373200057,Weather and Seasonal Effects on Medium Voltage Underground Cable Joint Failures,X,中压电缆接头失效,题目+关键词
690,WOS:000552155500002,"A sustainable exergy model for energy-water nexus in the hot regions: integrated combined heat, power and water desalination systems",X,过程级(CCHP+淡化㶲模型),题目+关键词
691,WOS:000364328300056,Understanding Attitudes and Pro-Environmental Behaviors in a Chilean Community,X,社区环境行为(智利),题目+关键词
692,WOS:001312913700001,Securing industrial control systems: Developing a SCADA/IoT test bench and evaluating lightweight cipher performance on hardware simulator,X,SCADA/IoT安全测试,题目+关键词
693,WOS:001202054900001,Simulation and Techno-Economic Analysis of the Integration of a Combined Heat and Power System in a Flare Gas Recovery Unit - Case Study: Tabriz Oil Refining Company (Northwest Iran),X,火炬气CHP(炼厂),题目+关键词
694,WOS:000348256000013,Performance analysis of a low pressure discharge thermal energy combined desalination unit,X,过程级(低压放电热淡化),题目+关键词
695,WOS:000300037300025,Prospect of using alternative energy for power and desalted water productions in Kuwait,X,[B终筛剔除:淡化水/离网独立水电联产系统(口径外)],摘要复核(B类终筛)
696,WOS:000794147000065,The winery in a perspective of sustainability: the parameters to be measured and their reliability,X,酒庄可持续指标,题目+关键词
697,WOS:001225699200001,"Spatial distributions of soil nutrients affected by land use, topography and their interactions, in the Loess Plateau of China",X,黄土高原土壤养分,题目+关键词
698,WOS:001547941200001,"Multifunctional treatment of food waste liquefied liquid by algal-bacterial microbial fuel cells: water, electricity and biomass nexus and mechanism profiling",X,藻菌MFC食物废液(过程),题目+关键词
699,WOS:000599050100003,"Liquid Air Energy Storage for Decentralized Micro Energy Networks with Combined Cooling, Heating, Hot Water and Power Supply",X,液空储能微能网(热/冷/生活热水),题目+关键词
700,WOS:001839192800001,Tracing the evolution of soil conservation in China: A review of historical insights and modern practices,X,中国水土保持综述,题目+关键词
701,WOS:000888322800001,Runoff- and erosion-reducing effects of vegetation on the loess hillslopes of China under concentrated flow,X,黄土坡面植被径流,题目+关键词
702,WOS:000384850100055,PERFORMANCE SIMULATION OF 3-STAGE GAS TURBINE CHP PLANT FOR MARINE APPLICATIONS,X,船用CHP燃机,题目+关键词
703,WOS:000407655300108,Thermodynamic and exergy analysis of a hydrogen and permeate water production process by a solar-driven transcritical CO2 power cycle with liquefied natural gas heat sink,X,过程级(太阳能CO2循环氢+水),题目+关键词
704,WOS:000625875704049,When are decentralized infrastructure networks preferable to centralized ones?,X,"[B终筛剔除:通用生命线/相依基础设施方法或调查,无市政供水-城市电力实质耦合建模]",摘要复核(B类终筛)
705,WOS:000848265000032,Cybersafety: A System-Theoretic Approach to Identify Cyber-Vulnerabilities & Mitigation Requirements in Industrial Control Systems,X,工控系统STAMP安全,题目+关键词
706,WOS:000656379700001,Offshore Conceptual Plastic Waste Collection and Treatment Towards Clean Ocean,X,海洋塑料垃圾收集,题目+关键词
707,WOS:000468255300002,Integrating information from heterogeneous networks on social media to predict post-disaster returning behavior,X,社媒灾后返回行为,题目+关键词
708,WOS:000845215900001,Simulation-Optimization of Tarbela Reservoir Operation to Enhance Multiple Benefits and to Achieve Sustainable Development Goals,X,水库调度(水资源),题目+关键词
709,WOS:000516714200061,Investigation of FCVs durability under driving cycles using a model-based approach,X,燃料电池车耐久,题目+关键词
710,WOS:000707321400001,Development and Numerical Performance Analysis of a Micro Turbine in a Tap-Water Pipeline,X,[B终筛剔除:供水系统内水力发电/能量回收/抽蓄设备(口径外)],摘要复核(B类终筛)
711,WOS:000468509800034,MSF-RO Hybrid System for Seawater Desalination in Kuwait,X,过程级(MSF-RO混合),题目+关键词
712,WOS:000251881000003,"Performance evaluation of the ""large SMADES"" autonomous desalination solar-driven membrane distillation plant in Aqaba, Jordan",X,过程级(太阳能膜蒸馏装置性能),题目+关键词
713,WOS:001068883000001,Prospective study of a novel heat pump system with solar energy spectral beam splitting,X,太阳能热泵分光,题目+关键词
714,WOS:000851039600028,Household Emergency Preparedness Instrument Development: A Delphi Study,X,家庭应急准备量表,题目+关键词
715,WOS:000363051600013,Hardware Implementation and Testing of Reconfigurable RTU for Wireless SCADA,X,RTU/SCADA硬件,题目+关键词
716,WOS:000505687800086,Zero Emission Super-Yacht,X,零排放游艇,题目+关键词
717,WOS:001261827200001,"Integration of proton exchange membrane fuel cell with air gap membrane distillation for sustainable electricity and freshwater cogeneration: Performance, influential mechanism, multi-objective optimization and future perspective",X,过程级(PEMFC+AGMD电-水联产),题目+关键词
718,WOS:000437126100001,Simultaneously recovering electricity and water from wastewater by osmotic microbial fuel cells: Performance and membrane fouling,X,渗透MFC废水电-水回收,题目+关键词
719,WOS:000449954600014,"Impact on groundwater of a karstic aquifer in the informal settlement ""Las Fincas"" on Cozumel Island, Mexico",X,喀斯特地下水污染,题目+关键词
720,WOS:001520626700005,Architecturally-engineered scalable nonwoven evaporator with square groove morphology for solar desalination and thermoelectricity generation,X,材料级(无纺蒸发器淡化+热电),题目+关键词
721,WOS:000169530500036,Dual roles of infrared imaging on a university campus: Serving the physical plant while enhancing a technology-based curriculum,X,校园红外成像,题目+关键词
722,WOS:000316923600012,A framework for the system-of-systems analysis of the risk for a safety-critical plant exposed to external events,X,安全关键工厂SoS风险,题目+关键词
723,WOS:000489768900006,Drought and conflicts at the local level: Establishing a water sharing mechanism for the summer-autumn rice production in Central Vietnam,X,越南水稻分水治理,题目+关键词
724,WOS:001741170600013,"Willingness of Older Adults to Pay for the Cooling Services Provided by Urban Blue-Green Spaces in the City of Chengdu, China",X,成都蓝绿空间支付意愿,题目+关键词
725,WOS:000475568000007,Shape design of arch dams under load uncertainties with robust optimization,X,拱坝形体鲁棒优化,题目+关键词
726,WOS:001042331600001,A novel hybrid ensemble learning for anomaly detection in industrial sensor networks and SCADA systems for smart city infrastructures,X,SCADA异常检测集成学习,题目+关键词
727,WOS:001587793000001,Integrated organochemical - Microbial solutions remediate degraded saline-sodic soils,X,盐碱地改良,题目+关键词
728,WOS:001727541300001,Failure of critical infrastructures in German hospitals. Online survey on crisis management structures and exercises in hospitals,X,医院基础设施危机管理调查,题目+关键词
729,WOS:000451730800011,Simulation based assessment of resilience of two large-scale socio-technical IT networks,X,IT网络社会技术韧性,题目+关键词
730,WOS:000255706100008,Environmental performance evaluation (EPE) of Iran Khodro Co. (IKCO),X,企业环境绩效,题目+关键词
731,WOS:000177829200002,Solubility of hydrogen in Zircaloy-4:: irradiation induced increase and thermal recovery,X,锆合金氢溶解度,题目+关键词
732,WOS:A1994NG55200020,"THE MERCURY TROMOL MILL - AN INNOVATIVE GOLD RECOVERY TECHNIQUE, AND A POSSIBLE ENVIRONMENTAL CONCERN",X,混汞碾金矿,题目+关键词
733,WOS:000455139800030,Analysis and Design of Wide Range Output Voltage Regulated Power Supply for Underwater Constant Input Current DC Distribution System,X,水下直流供电电源,题目+关键词
734,WOS:001317926000001,Developing resilience pathways for interdependent infrastructure networks: A simulation-based approach with consideration to risk preferences of decision-makers,A,互依网络韧性路径+风险偏好(Shelby电-水-气),摘要
735,WOS:000803893500001,Performance optimization of the hybrid HDH-RO desalination system powered by photovoltaic-thermal modules using solar dish concentrators,X,过程级(HDH-RO+PVT太阳碟),题目+关键词
736,WOS:000538128400024,Structural Functionality Scale for Light-Framed Wood Buildings with Indicators for Windstorm Damage,X,木结构建筑风灾功能,题目+关键词
737,WOS:001251346800001,Application of clustering algorithms for dimensionality reduction in infrastructure resilience prediction models,A,互依电-水-交通testbed韧性ML降维,摘要
738,WOS:000337960300144,Development of an Integrated Condition Monitoring and Diagnostic System for Process Control Valves Used in Nuclear Power Plant,X,核电厂阀门监测,题目+关键词
739,WOS:001596349600001,Diversity and uniformity: An entropy-based diagnosis of sectoral roles in China's embodied carbon flow network,X,隐含碳流网络,题目+关键词
740,WOS:001508703800001,Integrating LNG Cold Energy Recovery for Sustainable Water and Power Production: A Dual-Purpose Approach,X,过程级(LNG冷能水-电联产),题目+关键词
741,WOS:001530124700001,Learning Networks From Wide-Sense Stationary Stochastic Processes,X,随机过程网络学习,题目+关键词
742,WOS:000716995000007,Modeling cascading failure of interdependent critical infrastructure systems using HLA-based co-simulation,X,"[B终筛剔除:通用生命线/相依基础设施方法或调查,无市政供水-城市电力实质耦合建模]",摘要复核(B类终筛)
743,WOS:000726469000001,"PEMFC Poly-Generation Systems: Developments, Merits, and Challenges",X,PEMFC多联产综述,题目+关键词
744,WOS:000614576700013,Role of forests in headwater control with changing environment and society,X,水源林功能,题目+关键词
745,WOS:000631898400050,A New Cryptojacking Malware Classifier Model Based on Dendritic Cell Algorithm,X,恶意软件分类,题目+关键词
746,WOS:000471321100010,"Basic Seismic Response Capability of Hospitals in Lima, Peru",X,利马医院抗震,题目+关键词
747,WOS:001459446800001,Non-consistent changes and drivers of water-sediment fluxes in the yarlung tsangpo river basin of the Tibetan plateau,X,雅鲁藏布江水沙,题目+关键词
748,WOS:001463085300001,Online convergence forecast for axial xenon oscillations of the power density in VVER-1000 and-1200 reactors,X,VVER氙振荡,题目+关键词
749,WOS:000281197700011,"Future sea level rise implications on development of Lazarus Island, Singapore Southern Islands",X,海岛海平面上升,题目+关键词
750,WOS:000470947000044,Thermodynamic and economic analysis of a combined plant for power and water production,X,过程级(ORC+HDH电-水),题目+关键词
751,WOS:001755742900001,Aeolian sediments physicochemical properties along the Qinghai-Tibet Railway,X,青藏铁路风沙沉积,题目+关键词
752,WOS:001528248900001,Development of an Innovative Landfill Gas Purification System in Latvia,X,拉脱维亚填埋气净化,题目+关键词
753,WOS:001333006000001,Stakeholder-Based Optimal Indicators for Urban Sustainability Assessment in Sub-Saharan Africa: A Case Study from the City of Moundou in Chad,X,乍得城市可持续指标,题目+关键词
754,WOS:000350070400161,"ASSESSMENT OF EMBEDDED WATER NEEDS AT A MIXED-USE FACILITY IN PALO ALTO, CALIFORNIA",X,建筑嵌入水需求评估,题目+关键词
755,WOS:000264403800219,Use of Synchronized Phasor Measurement System for Monitoring Power System Stability and System Dynamics in Real-time.,X,纯电力(PMU稳定监测),题目+关键词
756,WOS:000252078700023,The role of remote sensing and GIS for security,X,遥感GIS水管理安全,题目+关键词
757,WOS:000350004500217,DESIGN AND FABRICATION OF TEST FACILITY FOR LONGEVITY TESTING OF ELASTOMER SEALS,X,弹性体密封测试,题目+关键词
758,WOS:001474256400001,Modeling and performance evaluation of a new multi-physical coupled system of photovoltaic-thermoelectric-interfacial evaporation,X,材料级(PV-热电-界面蒸发),题目+关键词
759,WOS:000739476800001,Wireless Sensor Network as a Mesh: Vision and Challenges,X,无线传感网,题目+关键词
760,WOS:001270215000001,A techno-economic framework for optimizing multi-area power dispatch in microgrids with tie-line constraints,X,微网多区域调度,题目+关键词
761,WOS:000608911500010,Solar thermal energy technologies and its applications for process heating and power generation - A review,X,太阳能热利用综述,题目+关键词
762,WOS:000426866400015,Flexible water excitation for fat-free MRI at 3T using lipid insensitive binomial off-resonant RF excitation (LIBRE) pulses,X,MRI水激发脉冲,题目+关键词
763,WOS:000512761300001,Household recovery in Mosul one year after the defeat of ISIS,X,摩苏尔家庭恢复,题目+关键词
764,WOS:000437073600027,Thermodynamic analysis of a novel combined cooling and power system driven by low-grade heat sources,X,氨-水冷电联供,题目+关键词
765,WOS:001700083100001,Integrated Thermoelectric Power Generation and Membrane-Based Water Desalination Using Low-Grade Thermal Energy,X,器件级(TEG+DCMD淡化),题目+关键词
766,WOS:000938793100001,Simulation and Exergoeconomic Analysis of a Trigeneration System Based on Biofuels from Spent Coffee Grounds,X,咖啡渣三联产,题目+关键词
767,WOS:000427598701113,Modeling Smart Cities with Hetero-functional Graph Theory,A,[B终筛升A]智慧城市电-水-交通集成异功能图建模(韧性分析),摘要复核(B类终筛)
768,WOS:001283687200001,"Experimental study on the synergistic effects of phase change material, fins, and ultrasonic fogger in a pyramidal solar still",X,金字塔太阳能蒸馏器,题目+关键词
769,WOS:000709478700003,Spatial-temporal targeted and non-targeted surveys to assess microbiological composition of drinking water in Puerto Rico following Hurricane Maria,X,飓风后饮用水微生物调查,题目+关键词
770,WOS:000446181900170,Using home sensing technology to assess outcome and recovery after hip and knee replacement in the UK: the HEmiSPHERE study protocol,X,关节置换家庭传感,题目+关键词
771,WOS:000463027200013,Self-Organization and Resilience for Networked Systems: Design Principles and Open Research Issues,X,通信网络自组织韧性,题目+关键词
772,WOS:000610411700045,Gray-Box Approach for Thermal Modelling of Buildings for Applications in District Heating and Cooling Networks,X,区域供热冷灰箱建模,题目+关键词
773,WOS:000478320100001,"Xylitol bioproduction: state-of-the-art, industrial paradigm shift, and opportunities for integrated biorefineries",X,木糖醇生物炼制,题目+关键词
774,WOS:000359875100007,Effective energy management by combining gas turbine cycles and forward osmosis desalination process,X,过程级(燃机+FO淡化),题目+关键词
775,WOS:000468191200035,Production of electricity and water in an osmotic microbial fuel cell by using EDTA-Na2 as a recoverable draw solute,X,渗透MFC EDTA draw solute,题目+关键词
776,WOS:000353729800003,Design and test of a single effect thermal desalination plant using waste heat from m-CHP units,X,过程级(m-CHP余热单效淡化),题目+关键词
777,WOS:000292715900021,Optimisation of a tubular linear machine with permanent magnets for wave energy extraction,X,波浪能直线电机,题目+关键词
778,WOS:001690715700021,Multi-Phase Stacked Interleaved Buck Converter for Hydrogen-Production Electrolysis with Low-Voltage-Stress Ripple Compensation Circuit,X,制氢Buck变换器,题目+关键词
779,WOS:001228350600001,"Integration of risk, flexibility, and resilience in the optimization of water-energy nexus",X,[B终筛剔除:淡化水/离网独立水电联产系统(口径外)],摘要复核(B类终筛)
780,WOS:000424077200002,"Efficiency and Sustainability of Silage Corn Production by Data Envelopment Analysis and Multi-Functional Ecological Footprint: Evidence from Sarayan County, Iran",X,青贮玉米DEA,题目+关键词
781,WOS:001770409700001,"Climate change impacts on snow cover dynamics and hydrological regimes in the Chitral River Basin, Pakistan",X,Chitral积雪水文,题目+关键词
782,WOS:001301515100001,Modelling long-term operational dynamics of grid-connected hydro- photovoltaic hybrid systems,X,纯电力(水光混合系统),题目+关键词
783,WOS:000342227900006,In Situ Observation of Deformation Behavior of Membrane Electrode Assembly Under Humidity Cycles,X,膜电极湿度变形,题目+关键词
784,WOS:000531910700001,Reframing Resilience: Equitable Access to Essential Services,X,韧性公平服务获取(社会),题目+关键词
785,WOS:000861067700001,Optimization of cogeneration for power and desalination to satisfy the demand of water and power at high ambient temperatures,X,过程级(联产电+淡化优化),题目+关键词
786,WOS:000688396300006,A new design of solar tower system amplified with a thermoelectric unit to produce distilled water and power,X,过程级(太阳能塔+热电蒸馏),题目+关键词
787,WOS:000537619800001,Spatial and sectoral benefit distribution in water-energy system design,X,"[B终筛剔除:nexus资源侧(水电调度/电厂冷却水/区域水资源),非市政供水网]",摘要复核(B类终筛)
788,WOS:000614576700014,Unintended consequences of rangeland conservation structures,X,牧场保护工程副作用,题目+关键词
789,WOS:001273416000001,Benggang segmentation via deep exchanging of digital orthophoto map and digital surface model features,X,崩岗分割深度学习,题目+关键词
790,WOS:000413332200008,"Soil and water conservation effects on soil properties in the Middle Silluh Valley, northern Ethiopia",X,埃塞俄比亚水土保持,题目+关键词
791,WOS:000789917500002,Geographical distribution of the health crisis of war in the Tigray region of Ethiopia,X,提格雷健康危机,题目+关键词
792,WOS:001304322500069,"Intelligent Algorithms and Big Data Technology in Power Transmission Systems: Efficient, Reliable, and Sustainable Energy Transmission",X,输电大数据,题目+关键词
793,WOS:000638255100010,Carbon sequestration benefits of the grain for Green Program in the hilly red soil region of southern China,X,退耕还林碳汇,题目+关键词
794,WOS:000461196000001,"Pisha sandstone: Causes, processes and erosion options for its control and prospects",X,砒砂岩侵蚀,题目+关键词
795,WOS:000614576700012,"Resident rhizosphere microbiome's ecological dynamics and conservation: Towards achieving the envisioned Sustainable Development Goals, a review",X,根际微生物组,题目+关键词
796,WOS:001210279800001,"Energy Efficiency Assessment and Prediction Based on Indicator System, PSO plus AHP - FCE Model and Regression Algorithm",X,企业能效评估,题目+关键词
797,WOS:001243473900001,"Simultaneous power, fresh water and fuel generation using a novel hybrid system based on biomass and solar thermal energy",X,过程级(生物质-太阳能三联产),题目+关键词
798,WOS:000428092700005,Techno-economic assessment of dispatchable hydrogen production by multiple electrolysers in Libya,X,利比亚电解制氢,题目+关键词
799,WOS:001273160000001,"Watershed management, groundwater recharge and drought resilience: An integrated approach to adapt to rainfall variability in northern Ethiopia",X,埃塞流域管理抗旱,题目+关键词
800,WOS:000355742800027,Desalination of oilfield produced water associated with treatment of domestic wastewater and bioelectricity generation in microbial osmotic fuel cell,X,MFC油田采出水+废水(过程),题目+关键词
801,WOS:001552287300001,Passively Ultra Cooling Patch Enabling High-Efficiency Power-Water Cogeneration,X,器件级(冷却贴片电-水联产),题目+关键词
802,WOS:001223584600001,Automatic mapping of gully from satellite images using asymmetric non-local LinkNet: A case study in Northeast China,X,侵蚀沟遥感制图,题目+关键词
803,WOS:001097204000001,Public value mapping to assess and guide governmental investments in energy and environmental justice: Studying the United States Department of Energy,X,能源环境正义公共价值,题目+关键词
804,WOS:000756842600001,Multi-objective optimal design of solar-gas turbine driven polygeneration system based on 4E analysis,X,过程级(太阳能-燃机多联产4E),题目+关键词
805,WOS:001627818400005,"Moderate drought stress followed by re-watering enhances wheat starch biosynthesis, improving granule size distribution and physicochemical properties",X,小麦淀粉干旱,题目+关键词
806,WOS:000649635400008,"Comparative study on morphological, rheological and functional characteristics of extruded rice starch citrates and lactates",X,米淀粉流变,题目+关键词
807,WOS:000185394400069,Performance analysis and visualization of electric power systems,X,纯电力(地震脆弱性仿真),题目+关键词
808,WOS:000271359600002,Estimation of Lifeline Resilience Factors Based on Surveys of Japanese Industries,X,"[B终筛剔除:通用生命线/相依基础设施方法或调查,无市政供水-城市电力实质耦合建模]",摘要复核(B类终筛)
809,WOS:001138442700001,Fine and ultrafine flotation with the Concorde CellTM - A journey,X,浮选设备,题目+关键词
810,WOS:000904487200046,Economic Consequences of the HayWired Earthquake Scenario,X,HayWired地震经济损失,题目+关键词
811,WOS:001638965500002,In-situ measurement technique of electrochemical impedance spectroscopy for high-power water electrolyzer,X,电解槽阻抗谱,题目+关键词
812,WOS:000294155900012,"Ecosystem ecology meets adaptive management: food web response to a controlled flood on the Colorado River, Glen Canyon",X,科罗拉多河食物网,题目+关键词
813,WOS:000389280900085,Electrical Power Conversion of River and Tidal Power Generator,X,河流/潮汐发电变流,题目+关键词
814,WOS:001049185300003,"Health facilities preparedness to deliver maternal and newborn health care in Kilifi and Kisii Counties, Kenya",X,肯尼亚妇幼卫生,题目+关键词
815,WOS:001368027100001,An induction machine-based drive system and supervisory control for application to smart water-pumped storage and networks,X,[B终筛剔除:供水系统内水力发电/能量回收/抽蓄设备(口径外)],摘要复核(B类终筛)
816,WOS:000383740302004,Exploring a Timed-Automata Fuzzy Cognitive Maps based approach for modeling Systems of Systems,X,SoS模糊认知图建模,题目+关键词
817,WOS:001117711600009,Vision: Security-Usability Threat Modeling for Industrial Control Systems,X,工控安全可用性,题目+关键词
818,WOS:000256778800031,Design and construction of vacuum control system on EAST,X,EAST真空控制,题目+关键词
819,WOS:001483393700001,A generalized method for evaluating immediate post-earthquake losses of buildings from different perspectives,X,建筑震后损失评估,题目+关键词
820,WOS:001068552200006,Household Adaptations to and Impacts from Electric Power and Water Outages in the Texas 2021 Winter Storm,X,"[B终筛剔除:通用生命线/相依基础设施方法或调查,无市政供水-城市电力实质耦合建模]",摘要复核(B类终筛)
821,WOS:001145801200001,Feasibility Study of a Reverse Osmosis Desalination Unit Powered by Photovoltaic Panels for a Sustainable Water Supply in Algeria,X,[B终筛剔除:淡化水/离网独立水电联产系统(口径外)],摘要复核(B类终筛)
822,WOS:000560389900060,Problems Associated with Hydraulic Turbines,X,水轮机问题,题目+关键词
823,WOS:000314203600027,Probabilistic study of cascading failures in complex interdependent lifeline systems,A,"互依生命线级联失效概率研究(电-水网络,地震)",摘要
824,WOS:000307366500019,USAGE OF SOLAR ENERGY SYSTEM FOR ECONOMIC AND CULTURAL MANAGEMENT AND REVIVAL OF THE GREAT DESERT OF IRAN,X,伊朗沙漠太阳能开发,题目+关键词
825,WOS:000343761504058,Flood Hazard Analysis in Ghana Using Multi-temporal Spot-xs imagery: a Feasibility Study of Northern Region,X,洪水遥感(加纳),题目+关键词
826,WOS:001837365900011,"Environmental footprint of in-center hemodialysis in Türkiye: A national, scenario-based analysis of water, energy, and waste",X,血透环境足迹,题目+关键词
827,WOS:000578037600056,Temporal Ensemble Learning of Univariate Methods for Short Term Load Forecasting,X,负荷预测,题目+关键词
828,WOS:000351248200050,Custom design of a hanging cooling water power generating system applied to a sensitive cooling water discharge weir in a seaside power plant: A challenging energy scheme,X,电厂冷却水排水发电(过程),题目+关键词
829,WOS:000302476500006,On-line cell lysis of bacteria and its spores using a microfluidic biochip,X,微流控细菌裂解,题目+关键词
830,WOS:001225666200001,A modified RUSLE model to simulate soil erosion under different ecological restoration types in the loess hilly area,X,RUSLE土壤侵蚀,题目+关键词
831,WOS:000988205900001,Recurrent neural networks optimization of biomass-based solid oxide fuel cells combined with the hydrogen fuel electrolyzer and reverse osmosis water desalination,X,过程级(生物质SOFC+RO淡化),题目+关键词
832,WOS:000545027300006,"Techno-economic evaluation of a gas turbine-based power, water desalination and cooling system",X,过程级(燃机电+淡化+制冷),题目+关键词
833,WOS:001407868800001,Solar-hydrogen power supply system and multichannel median signal selector for spacecraft miniaturization,X,航天器太阳能-氢供电,题目+关键词
834,WOS:000438006400074,"Energy and exergy investigation of a combined cooling, heating, power generation, and seawater desalination system",X,过程级(CCHP+海水淡化㶲),题目+关键词
835,WOS:000501935700058,A novel framework for data acquisition and ubiquitous communication provisioning in smart cities,X,智慧城市通信架构,题目+关键词
836,WOS:001449874300001,Integrating solar chimney and desalination process for sustainable hydrogen generation: Towards a greener future,X,过程级(太阳烟囱+淡化制氢),题目+关键词
837,WOS:000460215500014,"Global Trends in Collaborative Infrastructure Development to Foster Economically, Environmentally & Socially Sustainable Built Environment in Regional Economies",X,基建协同发展(通用),题目+关键词
838,WOS:001838741800001,Water demand and surface water supply dynamics in the changing climate of semi-arid basins,X,半干旱流域水需求水文,题目+关键词
839,WOS:001727758000001,Hybrid spectrum-splitting photovoltaic-thermal system with multi-stage membrane distillation for efficient energy-water nexus solutions,X,过程级(分光PVT+膜蒸馏),题目+关键词
840,WOS:001170562600001,Resource-efficient manufacturing enables PV supply chain diversity: An industry perspective and case study of CdTe PV manufacturing,X,CdTe光伏制造,题目+关键词
841,WOS:000344100800003,Usage leading to an abrupt collapse of connectivity,X,通用网络连通性崩溃,题目+关键词
842,WOS:000186471800045,Cogeneration power and desalted water utilizing peak power gas turbines,X,过程级(峰荷燃机联产电+淡化水),题目+关键词
843,WOS:001686694000001,Synergistic electricity and freshwater cogeneration by integrating high-temperature proton exchange membrane fuel cells with humidifier-dehumidifiers,X,过程级(HT-PEMFC+HDH),题目+关键词
844,WOS:000367846000001,The forward osmosis and desalination,X,正渗透淡化,题目+关键词
845,WOS:000795054200003,Iterative Optimization of a Social Inmotics-Based Method in Order to Make Buildings Smart and Resilient,X,建筑智能韧性,题目+关键词
846,WOS:001799354900001,Mechanical response and damage evolution of CT-jointed segmental linings in undersea shield tunnels under multi-source construction loads,X,海底盾构隧道管片,题目+关键词
847,WOS:000374197900096,START-UP AND TRANSIENT BEHAVIOR OF AN OSCILLATING HEAT PIPE,X,振荡热管,题目+关键词
848,WOS:000799959000009,Multi-stage and multi-objective optimization for optimal sizing of stand-alone photovoltaic water pumping systems,X,[B终筛剔除:非城市供水(灌溉/农村/离网提水)],摘要复核(B类终筛)
849,WOS:001707497800001,Sustainable evaluation of neem-emulsified waste-derived biofuel using interpretable machine learning,X,生物燃料ML评估,题目+关键词
850,WOS:000288971100015,"Providing all global energy with wind, water, and solar power, Part II: Reliability, system and transmission costs, and policies",X,纯电力(全球WWS可再生方案),题目+关键词
851,WOS:A1996BG89J00126,Repair of water turbine blades by wire electric arc spraying,X,水轮机叶片修复,题目+关键词
852,WOS:000399267100003,Influence of storm surge on tidal range energy,X,潮汐能风暴潮,题目+关键词
853,WOS:000396056200002,Investigating a potential reservoir landslide and suggesting its treatment using limit-equilibrium and numerical methods,X,水库滑坡治理,题目+关键词
854,WOS:000697780800021,Safer Hospital Infrastructure Assessments for Socio-Natural Disaster - A Scoping Review,X,医院基础设施综述,题目+关键词
855,WOS:000852231100001,Cyber-Security of Industrial Internet of Things in Electric Power Systems,X,电力IIoT网络安全,题目+关键词
856,WOS:001332113600001,Three-dimensional spatiotemporal variation of soil organic carbon and its influencing factors at the basin scale,X,土壤有机碳制图,题目+关键词
857,WOS:001698884300001,"Assessment of the aeolian transport characteristics and protection status of sand-blocking and sand-fixing belts in the Hexi Corridor, northwest China",X,河西走廊固沙带,题目+关键词
858,WOS:000335369300022,Targeting of the Water-Energy Nexus in Gas-to-Liquid Processes: A Comparison of Syngas Technologies,X,过程级(GTL水-能nexus),题目+关键词
859,WOS:000540327800008,Using high-resolution aerial images to study gully development at the regional scale in southern China,X,沟蚀遥感,题目+关键词
860,WOS:001225703900001,"Drainage of paddy terraces impacts structures and soil properties in the globally important agricultural heritage of Hani Paddy Terraces, China",X,哈尼梯田排水,题目+关键词
861,WOS:000659949800007,Small dams/reservoirs site location analysis in a semi-arid region of Mozambique,X,莫桑比克小型水库选址,题目+关键词
862,WOS:000876727600030,An Innovative Vision System for Floor-Cleaning Robots Based on YOLOv5,X,清洁机器人视觉,题目+关键词
863,WOS:000706193900003,Contribution of phytoecological data to spatialize soil erosion: Application of the RUSLE model in the Algerian atlas,X,阿尔及利亚水蚀,题目+关键词
864,WOS:001465259100001,Towards Operational Dam Monitoring with PS-InSAR and Electronic Corner Reflectors,X,大坝InSAR监测,题目+关键词
865,WOS:001258982700001,Net Zero Energy Building technologies - Reversible Heat Pump/Organic Rankine Cycle coupled with Solar Collectors and combined Heat Pump/ Photovoltaics - Case study of a Chilean mid-rise residential building,X,智利住宅热泵/ORC,题目+关键词
866,WOS:000689680300003,A novel enhanced ammonia-water power/cooling cogeneration system with dual level cooling temperature: Thermodynamic and economic assessments,X,氨-水电/冷联产,题目+关键词
867,WOS:001266453600001,Optimal design of solar/wind/energy storage system-powered RO desalination unit: Single and multi-objective optimization,X,[B终筛剔除:淡化水/离网独立水电联产系统(口径外)],摘要复核(B类终筛)
868,WOS:000434004200006,Thermodynamic analysis and multi-objective optimization of a novel power/cooling cogeneration system for low-grade heat sources,X,氨-水电/冷联产,题目+关键词
869,WOS:000403007100042,Smart Substation For The French Power Grid,X,智能变电站,题目+关键词
870,WOS:000780033200001,Presenting a power and cascade cooling cycle driven using solar energy and natural gas,X,过程级(太阳能+燃气电-冷),题目+关键词
871,WOS:000247612700029,Kidney patient care in disasters: Emergency planning for patients and dialysis facilities,X,透析灾害预案,题目+关键词
872,WOS:000209368900004,"Before the War, War, After the War: Urban Imageries for Urban Resilience",X,萨拉热窝城市韧性意象,题目+关键词
873,WOS:001263400700001,Physical Asset Management for Critical Utilities- A Systematic Literature Review,X,公用事业资产管理综述(电/水),题目+关键词
874,WOS:000911794000001,Where you live matters: Township neighborhood factors important to resilience among south African children from birth to 5 years of age,X,南非儿童韧性,题目+关键词
875,WOS:001171003100004,GREEN PUBLIC PROCUREMENT FOR A SUSTAINABLE PUBLIC ADMINISTRATION IN A RESILIENCE CONTEXT,X,绿色公共采购,题目+关键词
876,WOS:000806192400007,"Thermodynamic, environmental, and economic analysis of a novel power and water production system driven by gas turbine cycle",X,过程级(燃机电+淡水),题目+关键词
877,WOS:001849379300028,Data Centers Resilience Planning,X,数据中心韧性规划(无供水),题目+关键词
878,WOS:000399510900050,Multi-objective optimization of a pressurized solid oxide fuel cell - gas turbine hybrid system integrated with seawater reverse osmosis,X,过程级(SOFC-GT+SWRO),题目+关键词
879,WOS:000564216100009,Spatiotemporal changes in terrestrial water storage in the Beijing-Tianjin Sandstorm Source Region from GRACE satellites,X,GRACE陆地水储量,题目+关键词
880,WOS:000659949800003,Is the runoff coefficient increasing or decreasing after ecological restoration on China's Loess Plateau?,X,黄土高原径流系数,题目+关键词
881,WOS:000390436000057,Evaluation of a New Data Center Air-cooling Architecture: The Down-flow Plenum,X,数据中心风冷架构,题目+关键词
882,WOS:000188349000066,Further observations on the relations between growth and sap concentration in citrus trees,X,柑橘汁液浓度,题目+关键词
883,WOS:001399268800001,Thermal analysis and parameter optimization of advanced adiabatic compressed air energy storage with parabolic trough solar collector auxiliary reheating,X,压缩空储能+太阳能再热,题目+关键词
884,WOS:001587119900058,Striking a Balance in the North: How Edmonton Gets the Most from Its Water Transmission Main Condition Assessment Program,X,纯供水(埃德蒙顿输水干管评估),题目+关键词
885,WOS:001021606300001,Estimating the annual runoff frequency distribution based on climatic conditions and catchment characteristics: A case study across China,X,年径流频率分布,题目+关键词
886,WOS:000562101400001,Machine Learning Based Cost Effective Electricity Load Forecasting Model Using Correlated Meteorological Parameters,X,电力负荷预测,题目+关键词
887,WOS:000426453100011,Optimizing the Resilience of Interdependent Infrastructure Systems against Intentional Attacks,A,DAD韧性优化(互依电力-水系统案例),摘要
888,WOS:001756187800001,Quantitative assessment of sediment sources in the Shanxi Fenhe River reservoir section: A comparative study using end-member mixing analysis and sediment fingerprinting,X,汾河水库沉积物源,题目+关键词
889,WOS:001684027100001,Polysaccharide-modified quinoa-wheat composite flour: Optimization of functional properties and flavor profiles in steamed buns,X,藜麦小麦粉,题目+关键词
890,WOS:000367413700033,Extended blackout mitigation strategy for PWR,X,PWR全厂断电缓解,题目+关键词
891,WOS:000441117600022,An electrochemically assisted AC/DC microgrid configuration with waste water treatment capability,X,"微网+废水处理电化学(污水-电,口径外)",题目+关键词
892,WOS:000356986300061,Parametric investigation and thermo-economic multi-objective optimization of an ammonia-water power/cooling cycle coupled with an HCCI (homogeneous charge compression ignition) engine,X,氨-水+HCCI发动机,题目+关键词
893,WOS:000490750700007,ICS-BlockOpS: Blockchain for operational data security in industrial control system,X,区块链工控安全,题目+关键词
894,WOS:001747185700123,A REVIEW ABOUT FLOOD PREPAREDNESS OF HEALTHCARE FACILITIES,X,医院洪灾准备综述,题目+关键词
895,WOS:000755073900001,A Green Method of Extracting and Recovering Flavonoids from Acanthopanax senticosus Using Deep Eutectic Solvents,X,黄酮提取,题目+关键词
896,WOS:000565601600014,Aluminum-powered climate change resiliency: From aluminum debris to and clean water,X,铝废料制氢淡化救灾(过程),题目+关键词
897,WOS:000329544800001,Modeling the Role of Inventories and Heterogeneity in the Assessment of the Economic Costs of Natural Disasters,X,IO模型灾害经济成本,题目+关键词
898,WOS:001485488900004,'More stressful than cancer': treatment experiences lived during Hurricane Maria among breast and colorectal cancer patients in Puerto Rico,X,波多黎各癌症患者飓风经历,题目+关键词
899,WOS:000720984300010,Study on approaches of extending refrigeration capacity range of parallel power/refrigeration cogeneration Kalina cycle system,X,Kalina电/冷联产,题目+关键词
900,WOS:000438879500006,Variation and driving factors of nitrous oxide emissions from irrigated paddy field in the arid and semiarid region,X,稻田N2O排放,题目+关键词
901,WOS:000295919200026,Distributed generation and water production: A study for a region in central Italy,X,[B终筛剔除:淡化水/离网独立水电联产系统(口径外)],摘要复核(B类终筛)
902,WOS:001815069000002,Multi-level optimisation of the integrated renewable energy system within a water-exergy-hydrogen nexus concept,X,水-㶲-氢nexus多 level优化(过程),题目+关键词
903,WOS:001308102400001,"Investigation of a novel solar-assisted multigeneration system comprising water desalination systems, an absorption refrigeration system, a single-effect absorption heat transformer and two organic Rankine cycles",X,过程级(太阳能多联产含淡化),题目+关键词
904,WOS:000510524900101,Introducing a hybrid renewable energy system for production of power and fresh water using parabolic trough solar collectors and LNG cold energy recovery,X,过程级(槽式太阳能+LNG冷能),题目+关键词
905,WOS:000349875400044,DRIVING WATER AND WASTEWATER UTILITIES TO MORE SUSTAINABLE ENERGY MANAGEMENT,X,"[B终筛剔除:通用生命线/相依基础设施方法或调查,无市政供水-城市电力实质耦合建模]",摘要复核(B类终筛)
906,WOS:000348555700007,Nanofiltration for dextrose recovery from crystallization mother liquors: A feasibility study,X,纳滤葡萄糖回收,题目+关键词
907,WOS:000782913000011,"Synergetic variations of active layer soil water and salt in a permafrost-affected meadow in the headwater area of the Yellow River, northeastern Qinghai-Tibet plateau",X,冻土活动层水盐,题目+关键词
908,WOS:001458913100001,How does shrub stem coverage affect the hydraulic properties of concentrated flow and sediment yield during gully bed erosion?,X,灌木茎秆覆盖细沟侵蚀,题目+关键词
909,WOS:001150362900001,"Assessing gully erosion and rehabilitation using multi temporal LiDAR DEMs: Case study from the Great Barrier Reef catchments, Australia",X,大堡礁沟蚀LiDAR,题目+关键词
910,WOS:000430727100002,"Estimating soil erosion response to land use/cover change in a catchment of the Loess Plateau, China",X,黄土土地利用侵蚀,题目+关键词
911,WOS:000379105900013,Optimization of test and maintenance of ageing components consisting of multiple items and addressing effectiveness,X,老化部件试验维护优化,题目+关键词
912,WOS:001409657900035,Comparative analysis of brushless DC and switched reluctance motors for optimizing off-grid water pumping,X,[B终筛剔除:非城市供水(灌溉/农村/离网提水)],摘要复核(B类终筛)
913,WOS:000353140700006,Modeling Hospitals' Adaptive Capacity during a Loss of Infrastructure Services,X,医院适应能力建模,题目+关键词
914,WOS:000425205300002,"Selective removal of sodium and calcium from low-rank coal - Process integration, simulation and techno-economic evaluation",X,低阶煤脱钠钙,题目+关键词
915,WOS:000894967000001,Unlocking demand response in commercial buildings: Empirical response of commercial buildings to daily cooling set point adjustments,X,商业建筑需求响应,题目+关键词
916,WOS:000264403803029,The IRIS (International Reactor Innovative and Secure) and its Unique Advancement of the State-of the Art,X,IRIS反应堆,题目+关键词
917,WOS:000414164700312,A method for assessing resilience of socio-technical IT-systems,X,社会技术IT韧性,题目+关键词
918,WOS:000412866500033,Energy- and exergy-based working fluid selection and performance analysis of a high-temperature PEMFC-based micro combined cooling heating and power system,X,高温PEMFC微CCHP,题目+关键词
919,WOS:001373073200001,A review of combined desalination and electrical power generation,X,过程级(淡化+发电综述),题目+关键词
920,WOS:000434199800007,Optimized Mass Velocity for Evaporator of Organic Rankine Cycle Using R1234ze(E) for 373.15-423.15 K Geothermal Water,X,ORC蒸发器质量流速,题目+关键词
921,WOS:000284683200017,EVALUATION OF REDUCED SEDIMENT VOLUME PROCEDURES FOR ACUTE TOXICITY TESTS USING THE ESTUARINE AMPHIPOD LEPTOCHEIRUS PLUMULOSUS,X,河口端足类毒性试验,题目+关键词
922,WOS:000721498100001,"Comparative exergy, multi-objective optimization, and extended environmental assessment of geothermal combined power and refrigeration systems",X,地热联产电+制冷,题目+关键词
923,WOS:001174643800001,Performance analysis of heat pump polygeneration system,X,热泵多联产HDH,题目+关键词
924,WOS:000392437200035,Design and Maintenance of a Long-Span Timber Roof,X,木结构屋顶维护,题目+关键词
925,WOS:000706193900006,Effects of land management practices and land cover types on soil loss and crop productivity in Ethiopia: A review,X,埃塞土地管理综述,题目+关键词
926,WOS:000973223900001,Comprehensive performance evaluation of water and power production technologies using water-exergy nexus analysis,X,过程级(水-㶲nexus技术评估),题目+关键词
927,WOS:000430729200007,The mediating role of environmental emotions in transition from knowledge to sustainable use of groundwater resources in Iran's agriculture,X,伊朗地下水行为,题目+关键词
928,WOS:000782913000009,"Using a modified PAP/RAC model and GIS-for mapping water erosion and causal risk factors: Case study of the Asfalou watershed, Morocco",X,摩洛哥水蚀制图,题目+关键词
929,WOS:001027674500001,Simultaneous transport of freshwater and heat: An application to Chinese northern coastal regions,X,[B终筛剔除:淡化水/离网独立水电联产系统(口径外)],摘要复核(B类终筛)
930,WOS:000467263000129,Experimental Characterization of Vertically Split Distribution Wet- Cooling Media Used in the Direct Evaporative Cooling of Data Centers,X,数据中心蒸发冷却,题目+关键词
931,WOS:000597782800010,Soil erosion: An important indicator for the assessment of land degradation neutrality in Russia,X,俄罗斯土壤侵蚀,题目+关键词
932,WOS:001464793400003,"Winter Storm Uri, Mortality, and Health Care Use of Nursing Home Residents",X,养老院冬季风暴健康,题目+关键词
933,WOS:001438529700001,"Novel methodology for resilience assessment of critical infrastructure considering the interdependencies: A case study in water, transportation and electricity sector",A,"关键基础设施韧性(水-交通-电互依,DBN)",题目+关键词
934,WOS:001695231800001,Towards a circular bioeconomy: A bi-criteria site level decision support for potential cluster nodes exemplified by hydrogen production in Baden-Württemberg,X,生物经济氢选址,题目+关键词
935,WOS:001572162700001,"Rising temperatures, rising vulnerabilities: Individual and community adaptation to heat stress in urban slums of Bangladesh",X,孟加拉贫民窟热适应,题目+关键词
936,WOS:001854898000001,Protecting breastfeeding in emergencies: a concept analysis to inform midwifery education and practice,X,紧急状况母乳喂养,题目+关键词
937,WOS:001529600100018,"Potential Self-Sufficiency in Energy, Water, and Nutrients in a Swedish Urban Neighborhood: Codesign and Evaluation of a Decentralized and Integrated Infrastructure System",X,[B终筛剔除:社区/海岛/校园/建筑级微型水电系统(非城市电力系统)],摘要复核(B类终筛)
938,WOS:001396416500001,"Simultaneous Energy, Fresh Water, and Biogas Production Process Utilizing Solar Thermal and Sewage Sludge",X,过程级(太阳能+污泥三联产),题目+关键词
939,WOS:001414176500105,Accident Evolution and Causal Analysis in Urban Utility Tunnels Using Bayesian Networks and Fault Tree Models,X,"[B终筛剔除:通用生命线/相依基础设施方法或调查,无市政供水-城市电力实质耦合建模]",摘要复核(B类终筛)
940,WOS:000347870800056,Short and Long Term Energy Storage for Enhanced Resilience of Electric Infrastructures,X,"纯电力(储能提升韧性,氢)",题目+关键词
941,WOS:000472924400024,"Techno-economic analysis of combined gas turbine, MED and RO desalination systems to produce electricity and drinkable water",X,过程级(燃机+MED+RO),题目+关键词
942,WOS:001089631700001,Gully internal erosion triggered by a prolonged heavy rainfall event in the tableland region of China's Loess Plateau,X,黄土沟蚀内部侵蚀,题目+关键词
943,WOS:001453794100001,Advancements in Integrated Thermoelectric Power Generation and Water Desalination Technologies: A Comprehensive Review,X,器件级(热电+淡化综述),题目+关键词
944,WOS:001719614100001,"Green development in sports: Optimizing AI-assisted solar H2, power, and water systems for infrastructure",X,过程级(体育场太阳能H2-电-水),题目+关键词
945,WOS:000254781100011,Feasibility of the concept of hybridization of existing co-generative plant with reverse osmosis and aquifer storage,X,过程级(联产+RO+含水层储存),题目+关键词
946,WOS:000592124600007,Predicting impacts of weather-driven urban disasters in the current and future climate,X,城市气候灾害影响预测(未显含水-电),题目+关键词
947,WOS:001021607800001,Vegetation characteristics and soil properties in grazing exclusion areas of the Inner Mongolia desert steppe,X,内蒙禁牧草地,题目+关键词
948,WOS:001803348300073,CyDT: The Cyprus Digital Twin for Resilient Cities and Robust Critical Infrastructure Systems,A,[B终筛升A]塞浦路斯城市数字孪生平台:电-水系统风险韧性分析用例,摘要复核(B类终筛)
949,WOS:000386275100010,A Network Planning and Management Tool for Mitigating the Impact of Spatially Correlated Failures in Infrastructure Networks,X,"网络规划管理工具(通信为主,水-电仅展望)",摘要
950,WOS:000331262600023,Self-Healing Networks: Redundancy and Structure,X,自愈网络冗余理论,题目+关键词
951,WOS:000226097100003,Alternative drive systems for escaping the CO2-Trap,X,替代驱动系统,题目+关键词
952,WOS:001587972900007,Modeling runoff and sediment yield at the event scale in semiarid watersheds,X,半干旱流域径流泥沙,题目+关键词
953,WOS:000744026300002,Optimization of wind/solar energy microgrid by division algorithm considering human health and environmental impacts for power-water cogeneration,X,[B终筛剔除:淡化水/离网独立水电联产系统(口径外)],摘要复核(B类终筛)
954,WOS:000434709800036,IEC 61850 Beyond Compliance: A Case Study of Modernizing Automation Systems in Transmission Power Substations in Emirate of Dubai Towards Smart Grid,X,变电站IEC61850改造,题目+关键词
955,WOS:000890510500002,Modelling and analysis of a renewable energy-driven climate-controlled sustainable greenhouse for hot and arid climates,X,温室可再生气候控制,题目+关键词
956,WOS:001613059700001,The Perception of COVID-19 Pandemic Lockdown: An Exploratory Study of New Zealand Home Occupants,X,新西兰封控感知,题目+关键词
957,WOS:001587972900005,Disparity in soil erosion processes between freeze-thaw and unfrozen slopes under artificial rainfall conditions in high-altitude and dry valleys of the Southeast Tibet region,X,冻融坡面侵蚀,题目+关键词
958,WOS:001587972900002,Impact of soil compaction on the rill erosion of Mollisol by waterflow: A comparative analysis before and after the seasonal freezing and thawing,X,黑土细沟侵蚀,题目+关键词
959,WOS:000358678400038,Asset-management framework(s) for infrastructure facilities in adverse (post-conflict/disaster-zone/high-alert) conditions,X,逆境条件基建资产管理,题目+关键词
960,WOS:000685124800012,Thermodynamic investigation of water generating system through HDH desalination and RO powered by organic Rankine cycle,X,过程级(ORC驱动HDH+RO),题目+关键词
961,WOS:000257930800015,Exploring cultural roots & planting seeds for growth: Cultural development through design,X,文化设计,题目+关键词
962,WOS:001842305800001,Evaluation of new cascade sustainable multioutput energy system for hydrogen/fresh water/power production from industrial waste: Impact of working fluid and heat source conditions,X,过程级(工业废蒸汽氢/水/电),题目+关键词
963,WOS:000904487200001,San Andreas Fault Displacement Hazard Characterization of the Los Angeles Aqueduct at the Elizabeth Tunnel,X,纯供水(LA引水渠断层灾害),题目+关键词
964,WOS:001426264200001,Coordinated operational optimization of water and power systems under emergency conditions,A,应急状态水-电系统协调运行优化(韧性),题目+关键词
965,WOS:001089733600001,Plot investigation on rill flow resistance due to path tortuosity,X,细沟水流阻力,题目+关键词
966,WOS:000959334800001,An improved method that incorporates the estimated runoff for peak discharge prediction on the Chinese Loess Plateau,X,黄土洪峰径流,题目+关键词
967,WOS:000426774000026,The impact of floods in hospital and mitigation measures: A literature review,X,医院洪灾综述,题目+关键词
968,WOS:000552392300142,"Assessment of Urban Disaster Resilience in Dhaka North City Corporation (DNCC), Bangladesh",X,达卡城市灾害韧性指数,题目+关键词
969,WOS:001686944400137,Combined impacts of extreme climate events and pandemic on future energy use in low-income households in Greater London,X,伦敦低收入家庭能源,题目+关键词
970,WOS:000249667300085,Design for resilience of networked critical infrastructures,X,网络化基建韧性设计(复杂适应系统),题目+关键词
971,WOS:001519093700008,Seasonal variation in soil erosion resistance of gullies covered by different plant communities on the Loess Plateau of China,X,沟坡植被抗蚀,题目+关键词
972,WOS:001458911900001,"The effects of armed conflict on natural resources and conservation measures in Tigray, Northern Ethiopia",X,提格雷冲突自然资源,题目+关键词
973,WOS:001756190200001,"Comparison of approaches using MUSLE, USLE-M and RUSLE2 for large-scale hydrosedimentological modelling",X,侵蚀模型比较,题目+关键词
974,WOS:001247991600001,Thermodynamic analysis of a multiple energy production system based on geothermal energy for commissioning in Canada and optimization by response surface method (RSM),X,过程级(地热多能),题目+关键词
975,WOS:000413332200003,Dredging effects on selected nutrient concentrations and ecoenzymatic activity in two drainage ditch sediments in the lower Mississippi River Valley,X,密西西比疏浚养分,题目+关键词
976,WOS:000287291100013,A preliminary fish assemblage index for a transitional river-reservoir system in southeastern Brazil,X,巴西鱼类指数,题目+关键词
977,WOS:001535933100001,"Energy Sustainability, Resilience, and Climate Adaptability of Modular and Panelized Buildings with a Lightweight Envelope Integrating Active Thermal Protection: Part 2-Design and Implementation of an Experimental Prototype of a Building Module for Modular Buildings",X,模块化建筑围护,题目+关键词
978,WOS:001719901600431,Operational Resilience Enhancement of Water-Energy Microgrids via ReserveMax Nonlinear Model Predictive Control,A,并网水-能微网运行韧性(NMPC储备),题目+关键词
979,WOS:000784128100001,Resilience Assessment Approach for Transmission Systems Considering Uncertainties of Ice Storms,X,纯电力(输电冰灾韧性),题目+关键词
980,WOS:001821279200011,WIPP: Towards IEC 62443-3-3 Network Compliance via Software-Defined Networking in Digital Substations,X,数字变电站SDN安全,题目+关键词
981,WOS:001427893100001,"Estimation of soil moisture of a high Andean wetland ecosystem (Bofedal) with geo-radar data and In-Situ measurements, Ayacucho - Peru",X,安第斯湿地土壤水分,题目+关键词
982,WOS:001459596500001,Soil erosion elasticity initiative for prioritizing sub-watersheds,X,流域侵蚀优先级,题目+关键词
983,WOS:001063709700001,"Geosystemic Impacts of the Extreme Rainfall Linked to the El Nino 2015/2016 Event in Northern Parana, Brazil",X,巴拉那极端降雨地貌,题目+关键词
984,WOS:000584264900001,Availability and Feasibility of Water Desalination as a Non-Conventional Resource for Agricultural Irrigation in the MENA Region: A Review,X,MENA农业灌溉淡化综述,题目+关键词
985,WOS:001795082800059,When Disasters Trigger Cyber Vulnerabilities: Mapping Physical-Digital Interdependencies in Critical Infrastructure Systems,X,"[B终筛剔除:通用生命线/相依基础设施方法或调查,无市政供水-城市电力实质耦合建模]",摘要复核(B类终筛)
986,WOS:000381529400071,Clean energy utility for multifamily housing in a deregulated energy market,X,多户住宅清洁能源,题目+关键词
987,WOS:001756191700001,The effect of soil conservation measures on the sorting characteristics and transport mechanism of eroded sediment on spoil tips,X,排土场沉积物分选,题目+关键词
988,WOS:001312453000001,Technical-economic analysis and optimization of multiple effect distillation system by solar energy conversion as the heat source,X,过程级(太阳能MED-TVC),题目+关键词
989,WOS:001426917600001,Why we should revitalize indigenous water harvesting systems: Lessons learned,X,本土雨水收集系统,题目+关键词
990,WOS:001582732700001,"Lessons from the catastrophic floods in southern Brazil: geographic and environmental factors, vulnerabilities, and the resilience of nephrology services during natural disasters",X,巴西洪水肾病服务,题目+关键词
991,WOS:000265479400030,Technical Considerations in a Zero Energy Home Dorothy S. Small,X,零能耗住宅,题目+关键词
992,WOS:001582732700013,When the earth shakes unexpectedly: impact on nephrology services and patients,X,透析灾害,题目+关键词
993,WOS:000308334500007,Impact of Network Infrastructure Parameters to the Effectiveness of Cyber Attacks Against Industrial Control Systems,X,ICS网络参数攻击,题目+关键词
994,WOS:000771203400001,Resilience of Critical Infrastructure Systems to Floods: A Coupled Probabilistic Network Flow and LISFLOOD-FP Model,A,洪水下互依基础设施韧性(电-水短缺级联),摘要
995,WOS:000331920700036,Goal Tree Success Tree-Dynamic Master Logic Diagram and Monte Carlo simulation for the safety and resilience assessment of a multistate system of systems,X,多状态SoS安全韧性(核),题目+关键词
996,WOS:001425161300001,"Maximising sustainability: Planning and optimisation strategies for achieving 100 % renewable energy communities in remote islands - A case study of Corvo Island, Portugal",X,[B终筛剔除:社区/海岛/校园/建筑级微型水电系统(非城市电力系统)],摘要复核(B类终筛)
997,WOS:000883172400001,Building Toward a Disaster Resilient Health System: A Study of Hospital Resilience,X,医院韧性,题目+关键词
998,WOS:000920308500001,Exploring the factors influencing the hydrological response of soil after low and high-severity fires with post-fire mulching in Mediterranean forests,X,火后土壤水文,题目+关键词
999,WOS:000256262600013,Technology in fibre recovery,X,纤维回收,题目+关键词
1000,WOS:000313790300010,Qatar water challenges,X,卡塔尔水挑战(淡化/污水/联产综述),题目+关键词
1001,WOS:A1997BH25E00006,High power multichip modules employing the planar embedding technique and microchannel water heat sinks,X,多芯片模块水冷,题目+关键词
1002,WOS:000761598700007,Hydrogen and wood-burning stoves,X,氢与柴炉,题目+关键词
1003,WOS:001480530700007,Evaluating the Resilience of Interdependent Infrastructure Systems with a Focus on Community Livability,X,"[B终筛剔除:通用生命线/相依基础设施方法或调查,无市政供水-城市电力实质耦合建模]",摘要复核(B类终筛)
1004,WOS:001581138100001,"Integrating Rainwater Harvesting and Solar Energy Systems for Sustainable Water and Energy Management in Low Rainfall Agricultural Region: A Case Study from Gönyeli, Northern Cyprus",X,雨水收集+太阳能(农业区),题目+关键词
1005,WOS:001425644600001,"Balancing water, power, and carbon: A synergistic optimization framework for mega cascade reservoir operations",X,"[B终筛剔除:nexus资源侧(水电调度/电厂冷却水/区域水资源),非市政供水网]",摘要复核(B类终筛)
1006,WOS:001767482600001,Inoperability assessment of interdependent critical infrastructures exposed to natural hazards considering climate change,X,"[B终筛剔除:通用生命线/相依基础设施方法或调查,无市政供水-城市电力实质耦合建模]",摘要复核(B类终筛)
1007,WOS:000500583400006,Simulating hydraulic interdependence between bridges along a river corridor under transient flood conditions,X,桥梁-河道水力互依(洪水),题目+关键词
1008,WOS:000543049900049,Cyber-Attacks in a Looped Energy-Water Nexus: An Inoculated Sub-Observer-Based Approach,X,[B终筛剔除:淡化水/离网独立水电联产系统(口径外)],摘要复核(B类终筛)
1009,WOS:000380176400067,PREMIXED PILOT FLAMES FOR IMPROVED EMISSIONS AND FLEXIBILITY IN A HEAVY DUTY GAS TURBINE COMBUSTION SYSTEM,X,燃机预混火焰,题目+关键词
1010,WOS:001227379300001,Scrutinizing Security in Industrial Control Systems: An Architectural Vulnerabilities and Communication Network Perspective,X,ICS安全架构,题目+关键词
1011,WOS:000582927200006,A review on energy supply chain resilience through optimization,X,"能源供应链韧性(气,无水)",题目+关键词
1012,WOS:000477698300035,Imperatives for health sector decision-support modelling,X,卫生部门决策建模,题目+关键词
1013,WOS:000564216100004,Monitoring the variation of soil quality with sewage sludge application rates in absence of rhizosphere effect,X,污泥土壤质量,题目+关键词
1014,WOS:001864662400001,Constraints on crop diversification under drought: Multi-scale evidence from California's San Joaquin Valley,X,加州作物多样化干旱,题目+关键词
1015,WOS:001041524900016,"Cascading disasters and mental health inequities: Winter Storm Uri, COVID-19 and post-traumatic stress in Texas",X,Uri风暴PTSD,题目+关键词
1016,WOS:000856028300001,"Improved and sustainable agroecosystem, food security and environmental resilience through zero tillage with emphasis on soils of temperate and subtropical climate regions: A review",X,免耕综述,题目+关键词
1017,WOS:000867888700008,Household Adaptations to Infrastructure System Service Interruptions,X,家庭服务中断适应(社会),题目+关键词
1018,WOS:001699733700001,Assessing the impact of residue cover on hillslope soil loss in the Midwest US: insights from the daily erosion project modeling framework,X,中西部覆盖侵蚀,题目+关键词
1019,WOS:000313794400063,Renewable desalination: a methodology for cost comparison,X,[B终筛剔除:淡化水/离网独立水电联产系统(口径外)],摘要复核(B类终筛)
1020,WOS:001286911100001,"Headwater Valuation as a Tool for Economic Development, Healthy Forest Management, and Water Resilience",X,源头水生态价值评估,题目+关键词
1021,WOS:001225665300001,"Agricultural drought severity in NE Italy: Variability, bias, and future scenarios",X,意大利农业干旱,题目+关键词
1022,WOS:001086862500001,Short-term hydrothermal scheduling using grey wolf optimization algorithm,X,纯电力(灰狼水火调度),题目+关键词
1023,WOS:001760595500001,Anesthesiology as an integrative cross-sectional discipline of clinical resilience-What hospitals must anticipate now for high-load operations,X,麻醉学科韧性,题目+关键词
1024,WOS:000314989302142,Governance supporting distributed energy systems for low carbon urban development,X,分布式能源治理(无水),题目+关键词
1025,WOS:000706193900010,"Ecological intensification of cropping systems enhances soil functions, mitigates soil erosion, and promotes crop resilience to dry spells in the Brazilian Cerrado",X,塞拉多生态农业,题目+关键词
1026,WOS:001150349300001,Limited impacts of occasional tillage on dry aggregate size distribution and soil carbon and nitrogen fractions in semi-arid drylands,X,耕作团聚体碳氮,题目+关键词
